gene,condition,top_disease,overall_status,kd_ok,effect_size,program_adj_p,disease_OR,disease_FDR,chain_score
ITK,Stim8hr,asthma,consistent with a validated gene -> program -> disease chain re-derived from the tables,1,-2.7816,2.125e-81,20.424,4.971e-05,36.1844
ZBTB25,Stim8hr,asthma,consistent with a validated gene -> program -> disease chain re-derived from the tables (with caveats),1,-10.4949,2.699e-36,20.424,4.971e-05,36.1823
CHD7,Stim8hr,asthma,consistent with a validated gene -> program -> disease chain re-derived from the tables,1,-15.6679,3.099e-49,20.424,4.971e-05,34.8827
TRAT1,Stim8hr,autoimmune disease,consistent with a validated gene -> program -> disease chain re-derived from the tables,1,-13.9348,2.265e-61,3.0405,5.05e-06,34.8629
CRIM1,Stim8hr,autoimmune disease,consistent with a validated gene -> program -> disease chain re-derived from the tables,1,-12.2948,3.171e-21,3.0405,5.05e-06,34.8629
IGSF9B,Stim8hr,autoimmune disease,consistent with a validated gene -> program -> disease chain re-derived from the tables,1,-10.6714,7.015e-72,3.0405,5.05e-06,34.7227
SLAMF1,Stim8hr,atopic eczema,consistent with a validated gene -> program -> disease chain re-derived from the tables,1,-18.5679,7.701e-156,4.8979,0.0005224,34.4475
FUT8,Stim8hr,autoimmune disease,consistent with a validated gene -> program -> disease chain re-derived from the tables,1,-6.8422,1.399e-25,3.0405,5.05e-06,34.2058
GZMB,Stim8hr,autoimmune disease,consistent with a validated gene -> program -> disease chain re-derived from the tables,1,-6.3457,1.776e-28,3.0405,5.05e-06,34.1208
ANXA4,Stim8hr,autoimmune disease,consistent with a validated gene -> program -> disease chain re-derived from the tables,1,-14.4267,5.198e-24,2.5487,0.0003376,33.3457
CYLD,Rest,Crohn's disease,consistent with a validated gene -> program -> disease chain re-derived from the tables,1,-10.5119,1.039e-56,4.651,0.0001227,33.2706
STAT4,Stim48hr,type 1 diabetes mellitus,consistent with a validated gene -> program -> disease chain re-derived from the tables,1,-16.7327,7.854e-91,3.4347,0.0277,32.6611
SLAMF1,Stim48hr,atopic eczema,consistent with a validated gene -> program -> disease chain re-derived from the tables,1,-16.2071,7.701e-156,3.4696,0.0356,32.6092
CCR5,Rest,inflammatory bowel disease,consistent with a validated gene -> program -> disease chain re-derived from the tables,1,-12.3449,7.907e-25,3.4654,0.0472,32.5273
SAMHD1,Stim8hr,autoimmune disease,consistent with a validated gene -> program -> disease chain re-derived from the tables,1,-17.4447,8.209e-32,2.2219,0.0025,32.5231
MAP3K8,Stim8hr,psoriasis,consistent with a validated gene -> program -> disease chain re-derived from the tables,1,-11.1786,1.859e-36,17.6014,0.0002632,32.4882
CAMK4,Stim8hr,autoimmune disease,consistent with a validated gene -> program -> disease chain re-derived from the tables,1,-14.7332,2.303e-26,2.12,0.0029,32.3932
PKIA,Stim8hr,autoimmune disease,consistent with a validated gene -> program -> disease chain re-derived from the tables,1,-17.2706,1.24e-276,2.2219,0.005,32.3274
KIF3A,Stim8hr,atopic eczema,consistent with a validated gene -> program -> disease chain re-derived from the tables,1,-14.7343,1.53e-33,2.9819,0.0404,32.2894
SPSB1,Stim8hr,asthma,consistent with a validated gene -> program -> disease chain re-derived from the tables,1,-5.1908,2.359e-110,3.0645,0.0018,32.2544
CCR2,Rest,inflammatory bowel disease,consistent with a validated gene -> program -> disease chain re-derived from the tables,1,-8.6721,2.381e-34,3.4654,0.0472,32.1429
TMEM71,Rest,autoimmune disease,consistent with a validated gene -> program -> disease chain re-derived from the tables,1,-18.4444,1.399e-23,2.0975,0.0068,32.1326
APOBR,Rest,Crohn's disease,consistent with a validated gene -> program -> disease chain re-derived from the tables (with caveats),1,-17.4422,1.09e-21,5.2985,0.0347,32.1255
STAT4,Rest,Crohn's disease,consistent with a validated gene -> program -> disease chain re-derived from the tables,1,-16.1644,7.854e-91,5.2985,0.0347,32.1255
IL26,Stim8hr,atopic eczema,consistent with a validated gene -> program -> disease chain re-derived from the tables,1,-6.9803,9.41e-33,3.4304,0.0224,32.0843
MAP4K4,Stim48hr,asthma,consistent with a validated gene -> program -> disease chain re-derived from the tables,1,-9.0344,2.278e-71,2.5622,0.0095,32.0769
ADA2,Stim8hr,autoimmune disease,consistent with a validated gene -> program -> disease chain re-derived from the tables,1,-5.6163,3.304e-19,3.0405,5.05e-06,32.0101
PHGDH,Stim48hr,multiple sclerosis,consistent with a validated gene -> program -> disease chain re-derived from the tables,1,-20.6054,8.958e-21,3.8202,0.0077,31.9442
VIM,Stim8hr,asthma,consistent with a validated gene -> program -> disease chain re-derived from the tables,1,-9.1488,1.761e-30,2.5496,0.0184,31.8958
PTGIR,Rest,ulcerative colitis,consistent with a validated gene -> program -> disease chain re-derived from the tables,1,-4.5058,3.032e-55,4.1537,0.0303,31.8753
MSRA,Rest,Crohn's disease,consistent with a validated gene -> program -> disease chain re-derived from the tables,1,-9.6638,1.004e-29,4.651,0.0001227,31.848
SYTL2,Stim48hr,rheumatoid arthritis,consistent with a validated gene -> program -> disease chain re-derived from the tables,1,-12.3083,3.316e-45,2.2471,0.0477,31.7119
CHD7,Stim48hr,atopic eczema,consistent with a validated gene -> program -> disease chain re-derived from the tables,1,-8.4086,3.099e-49,4.0035,0.0059,31.6968
UBE2E3,Stim48hr,ankylosing spondylitis,consistent with a validated gene -> program -> disease chain re-derived from the tables,1,-20.2608,6.644e-39,3.3994,0.0115,31.6249
IL17RA,Stim8hr,psoriasis,consistent with a validated gene -> program -> disease chain re-derived from the tables,1,-13.4035,2.51e-20,2.7504,0.0438,31.5954
ANKH,Stim48hr,asthma,consistent with a validated gene -> program -> disease chain re-derived from the tables,1,-9.0178,7.827e-35,2.3613,0.0318,31.5806
IFI30,Stim8hr,autoimmune disease,consistent with a validated gene -> program -> disease chain re-derived from the tables,1,-13.4352,1.315e-22,3.0405,5.05e-06,31.5107
MAP3K1,Stim48hr,psoriasis,consistent with a validated gene -> program -> disease chain re-derived from the tables,1,-6.0278,3.812e-43,2.7199,0.0208,31.5047
VIM,Stim48hr,asthma,consistent with a validated gene -> program -> disease chain re-derived from the tables,1,-10.0147,1.761e-30,2.1668,0.0387,31.4872
AGK,Stim8hr,ankylosing spondylitis,consistent with a validated gene -> program -> disease chain re-derived from the tables,1,-19.4614,1.215e-41,3.2605,0.0167,31.4484
SAMHD1,Stim48hr,autoimmune disease,consistent with a validated gene -> program -> disease chain re-derived from the tables,1,-25.1824,8.209e-32,2.3196,0.002,31.4104
PGAP3,Rest,Crohn's disease,consistent with a validated gene -> program -> disease chain re-derived from the tables,1,-6.3482,3.201e-26,4.651,0.0001227,31.4011
APOBR,Stim8hr,ankylosing spondylitis,consistent with a validated gene -> program -> disease chain re-derived from the tables,1,-11.2394,1.09e-21,3.2605,0.0167,31.373
DRAM1,Stim48hr,autoimmune disease,consistent with a validated gene -> program -> disease chain re-derived from the tables,1,-10.886,2.077e-32,2.3196,0.002,31.2984
IGF1R,Stim8hr,autoimmune disease,consistent with a validated gene -> program -> disease chain re-derived from the tables,1,-8.7553,4.225e-22,1.926,0.0255,31.2262
IL21R,Rest,rheumatoid arthritis,consistent with a validated gene -> program -> disease chain re-derived from the tables,1,-8.5194,2.677e-30,2.9229,0.0045,31.2177
PHF12,Stim48hr,autoimmune disease,consistent with a validated gene -> program -> disease chain re-derived from the tables,1,-10.5269,2.525e-22,2.2157,0.0025,31.1168
GLUL,Stim48hr,type 1 diabetes mellitus,effect refuted: knockdown valid by gate but DE_stats shows no on-target effect,1,-2.9194,1.301e-52,3.4347,0.0277,31.1023
MAP3K1,Rest,psoriasis,consistent with a validated gene -> program -> disease chain re-derived from the tables,1,-5.6602,3.812e-43,2.5307,0.0442,31.0869
CADM1,Stim48hr,autoimmune disease,effect refuted: knockdown valid by gate but DE_stats shows no on-target effect,1,-2.7791,1.031e-81,2.3196,0.002,31.0607
CSF2RB,Stim8hr,psoriasis,effect refuted: knockdown valid by gate but DE_stats shows no on-target effect,1,-2.6829,1.32e-23,3.1208,0.0167,30.9845
TNFRSF1A,Stim8hr,multiple sclerosis,consistent with a validated gene -> program -> disease chain re-derived from the tables,1,-14.2767,3.293e-24,2.8606,0.0438,30.9507
PDE4D,Stim8hr,autoimmune disease,effect refuted: knockdown valid by gate but DE_stats shows no on-target effect,1,-0.9959,1.643e-45,2.5487,0.0003376,30.9097
TRAT1,Rest,autoimmune disease,consistent with a validated gene -> program -> disease chain re-derived from the tables,1,-17.8865,2.265e-61,2.0975,0.0068,30.8967
GRAP2,Stim8hr,autoimmune disease,effect refuted: knockdown valid by gate but DE_stats shows no on-target effect,1,-3.1158,4.854e-28,2.2219,0.005,30.8323
IL2RB,Stim48hr,asthma,consistent with a validated gene -> program -> disease chain re-derived from the tables,1,-14.72,6.524e-118,2.3613,0.0265,30.7411
GZMB,Stim48hr,autoimmune disease,effect refuted: knockdown valid by gate but DE_stats shows no on-target effect,1,-2.1358,1.776e-28,2.2157,0.0025,30.6692
UBE2E3,Stim8hr,rheumatoid arthritis,consistent with a validated gene -> program -> disease chain re-derived from the tables,1,-22.4407,6.644e-39,3.0478,0.0018,30.6541
M6PR,Stim8hr,rheumatoid arthritis,consistent with a validated gene -> program -> disease chain re-derived from the tables,1,-24.0265,3.044e-24,2.2506,0.0288,30.632
RNASET2,Rest,Crohn's disease,consistent with a validated gene -> program -> disease chain re-derived from the tables,1,-7.3384,5.953e-31,4.651,0.0001227,30.501
PTPN22,Rest,Crohn's disease,consistent with a validated gene -> program -> disease chain re-derived from the tables,1,-24.0391,1.002e-47,4.651,0.0001227,30.4146
MAST4,Stim8hr,autoimmune disease,effect refuted: knockdown valid by gate but DE_stats shows no on-target effect,1,-3.6736,9.825e-75,1.9783,0.0184,30.4119
TMEM71,Stim48hr,autoimmune disease,consistent with a validated gene -> program -> disease chain re-derived from the tables,1,-16.9385,1.399e-23,1.9239,0.0239,30.3997
SELL,Stim48hr,ankylosing spondylitis,consistent with a validated gene -> program -> disease chain re-derived from the tables,1,-15.6056,1.184e-60,3.3994,0.0115,30.3599
IKZF1,Rest,Crohn's disease,consistent with a validated gene -> program -> disease chain re-derived from the tables,1,-9.8826,1.839e-39,4.651,0.0001227,30.3546
SELL,Rest,rheumatoid arthritis,consistent with a validated gene -> program -> disease chain re-derived from the tables,1,-17.3092,1.184e-60,2.9229,0.0045,30.3429
GRAP2,Stim48hr,autoimmune disease,effect refuted: knockdown valid by gate but DE_stats shows no on-target effect,1,-2.74,4.854e-28,2.018,0.0124,30.2709
SPEF2,Stim48hr,rheumatoid arthritis,consistent with a validated gene -> program -> disease chain re-derived from the tables,1,-7.8681,2.192e-22,2.8071,0.0025,29.9671
GADD45G,Stim48hr,autoimmune disease,effect refuted: knockdown valid by gate but DE_stats shows no on-target effect,1,-3.4459,4.248e-51,2.2157,0.0025,29.926
SELL,Stim8hr,autoimmune disease,consistent with a validated gene -> program -> disease chain re-derived from the tables,1,-18.3832,1.184e-60,2.2219,0.005,29.8407
CYLD,Stim8hr,asthma,consistent with a validated gene -> program -> disease chain re-derived from the tables,1,-6.2787,1.039e-56,3.3018,0.0005511,29.7717
IL21R,Stim48hr,Crohn's disease,consistent with a validated gene -> program -> disease chain re-derived from the tables,1,-12.0975,2.677e-30,3.2947,0.0095,29.7231
IL13,Stim48hr,atopic eczema,consistent with a validated gene -> program -> disease chain re-derived from the tables,1,-12.6645,5.806e-31,4.5639,0.0038,29.6747
IL13,Stim8hr,rheumatoid arthritis,consistent with a validated gene -> program -> disease chain re-derived from the tables,1,-7.5869,5.806e-31,2.6365,0.0057,29.6051
SBF2,Stim8hr,rheumatoid arthritis,effect refuted: knockdown valid by gate but DE_stats shows no on-target effect,1,-0.988,4.489e-40,3.0478,0.0018,29.5841
JAK2,Rest,Crohn's disease,consistent with a validated gene -> program -> disease chain re-derived from the tables,1,-19.6999,6.006e-86,5.2985,0.0347,29.5554
CREM,Stim48hr,Crohn's disease,consistent with a validated gene -> program -> disease chain re-derived from the tables,1,-5.5717,6.54e-28,3.2947,0.0095,29.5369
IFNG,Stim48hr,rheumatoid arthritis,effect refuted: knockdown valid by gate but DE_stats shows no on-target effect,1,-1.1591,2.826e-143,2.2471,0.0318,29.4925
CD44,Stim8hr,type 1 diabetes mellitus,consistent with a validated gene -> program -> disease chain re-derived from the tables,1,-19.8771,2.449e-36,4.0078,0.0052,29.3826
FEN1,Stim8hr,Crohn's disease,consistent with a validated gene -> program -> disease chain re-derived from the tables (with caveats),1,-11.6926,3.412e-30,3.6625,0.0031,29.335
F5,Stim8hr,autoimmune disease,consistent with a validated gene -> program -> disease chain re-derived from the tables,1,-20.7203,3.646e-34,2.5487,0.0003376,29.3149
RNASET2,Stim8hr,inflammatory bowel disease,consistent with a validated gene -> program -> disease chain re-derived from the tables,1,-8.2429,5.953e-31,2.8934,0.0048,29.2763
ALOX5AP,Stim48hr,autoimmune disease,consistent with a validated gene -> program -> disease chain re-derived from the tables,1,-10.3668,3.577e-59,2.018,0.0124,29.2763
FYB1,Stim8hr,autoimmune disease,effect refuted: knockdown valid by gate but DE_stats shows no on-target effect,1,-0.8144,2.747e-57,3.0405,5.05e-06,29.1969
STAT4,Stim8hr,rheumatoid arthritis,consistent with a validated gene -> program -> disease chain re-derived from the tables,1,-15.2612,7.854e-91,3.0478,0.0018,29.1944
CD44,Stim48hr,autoimmune disease,consistent with a validated gene -> program -> disease chain re-derived from the tables,1,-18.5663,2.449e-36,2.3196,0.002,29.1488
TMBIM1,Stim48hr,inflammatory bowel disease,consistent with a validated gene -> program -> disease chain re-derived from the tables,1,-16.2164,2.181e-18,2.4162,0.0171,29.0973
CLEC2D,Stim48hr,autoimmune disease,consistent with a validated gene -> program -> disease chain re-derived from the tables,1,-19.6235,9.694e-71,2.2157,0.0025,29.0159
CCR2,Stim8hr,type 1 diabetes mellitus,consistent with a validated gene -> program -> disease chain re-derived from the tables,1,-7.0254,2.381e-34,4.0078,0.0052,29.0115
ACVR2A,Stim8hr,autoimmune disease,consistent with a validated gene -> program -> disease chain re-derived from the tables,1,-7.3501,5.446e-32,2.5487,0.0003376,28.989
PPP2R5C,Stim48hr,autoimmune disease,effect refuted: knockdown valid by gate but DE_stats shows no on-target effect,1,-2.7866,6.148e-20,1.9239,0.0239,28.9868
PTGIR,Stim8hr,autoimmune disease,consistent with a validated gene -> program -> disease chain re-derived from the tables,1,-6.8719,3.032e-55,3.0405,5.05e-06,28.9476
TRABD2A,Stim48hr,ulcerative colitis,consistent with a validated gene -> program -> disease chain re-derived from the tables,1,-11.3859,2.961e-67,3.2147,0.0117,28.9422
GALC,Stim8hr,inflammatory bowel disease,consistent with a validated gene -> program -> disease chain re-derived from the tables,1,-10.8649,3.589e-32,2.8934,0.0048,28.9406
CDC42EP3,Stim48hr,rheumatoid arthritis,consistent with a validated gene -> program -> disease chain re-derived from the tables,1,-9.749,3.193e-58,2.8071,0.0025,28.9397
ADGRG5,Stim8hr,autoimmune disease,consistent with a validated gene -> program -> disease chain re-derived from the tables,1,-6.299,1.487e-86,3.0405,5.05e-06,28.8644
NCALD,Stim8hr,autoimmune disease,consistent with a validated gene -> program -> disease chain re-derived from the tables,1,-6.3522,3.042e-78,2.5487,0.0003376,28.8426
NDFIP1,Stim8hr,Crohn's disease,consistent with a validated gene -> program -> disease chain re-derived from the tables,1,-22.4291,1.473e-22,3.6625,0.0031,28.8119
IGSF9B,Rest,rheumatoid arthritis,consistent with a validated gene -> program -> disease chain re-derived from the tables,1,-8.8276,7.015e-72,2.9229,0.0045,28.7569
ATP10A,Stim48hr,ulcerative colitis,consistent with a validated gene -> program -> disease chain re-derived from the tables,1,-8.9125,1.039e-73,3.2147,0.0117,28.686
PTPN22,Stim8hr,systemic lupus erythematosus,consistent with a validated gene -> program -> disease chain re-derived from the tables,1,-22.4582,1.002e-47,3.7403,0.0025,28.6822
ITGAL,Stim8hr,autoimmune disease,consistent with a validated gene -> program -> disease chain re-derived from the tables,1,-24.364,2.895e-28,2.2219,0.005,28.5973
TNIP3,Stim8hr,multiple sclerosis,effect refuted: knockdown valid by gate but DE_stats shows no on-target effect,1,-0.9525,5.254e-43,2.8606,0.0438,28.5809
FOSL2,Stim8hr,autoimmune disease,consistent with a validated gene -> program -> disease chain re-derived from the tables,1,-10.7098,3.1e-37,2.5487,0.0003376,28.5514
CDC42EP3,Stim8hr,rheumatoid arthritis,consistent with a validated gene -> program -> disease chain re-derived from the tables,1,-8.6582,3.193e-58,2.6365,0.0057,28.5068
IL10RA,Stim8hr,inflammatory bowel disease,consistent with a validated gene -> program -> disease chain re-derived from the tables,1,-15.1121,1.359e-18,2.6869,0.0141,28.4788
CTSW,Rest,inflammatory bowel disease,consistent with a validated gene -> program -> disease chain re-derived from the tables,1,-4.6541,1.674e-23,2.9079,0.0012,28.4427
HIF1A,Stim8hr,autoimmune disease,consistent with a validated gene -> program -> disease chain re-derived from the tables,1,-7.9548,1.141e-18,1.926,0.0255,28.4404
DPP4,Stim48hr,asthma,consistent with a validated gene -> program -> disease chain re-derived from the tables,1,-19.4407,2.674e-89,2.3613,0.0318,28.2363
FUT8,Stim48hr,rheumatoid arthritis,consistent with a validated gene -> program -> disease chain re-derived from the tables,1,-4.7056,1.399e-25,2.8071,0.0025,28.2113
LAG3,Stim48hr,autoimmune disease,consistent with a validated gene -> program -> disease chain re-derived from the tables (with caveats),1,-17.1171,7.926e-222,2.018,0.0124,28.2108
CCR5,Stim8hr,autoimmune disease,consistent with a validated gene -> program -> disease chain re-derived from the tables,1,-8.2048,7.907e-25,2.2219,0.005,28.2003
SESN1,Stim48hr,asthma,consistent with a validated gene -> program -> disease chain re-derived from the tables,1,-7.4162,1.345e-57,2.5622,0.0095,28.1735
LITAF,Stim48hr,Crohn's disease,consistent with a validated gene -> program -> disease chain re-derived from the tables,1,-29.4246,2.932e-28,3.956,0.0006502,28.1032
IL21R,Stim8hr,autoimmune disease,consistent with a validated gene -> program -> disease chain re-derived from the tables,1,-13.8884,2.677e-30,2.2219,0.0025,28.0199
RIPK2,Stim8hr,ankylosing spondylitis,consistent with a validated gene -> program -> disease chain re-derived from the tables,1,-4.6948,2.399e-38,3.2605,0.0167,27.9833
RIPK2,Stim48hr,ulcerative colitis,effect refuted: knockdown valid by gate but DE_stats shows no on-target effect,1,-4.3111,2.399e-38,3.2147,0.0117,27.9684
BCL2L11,Rest,Crohn's disease,consistent with a validated gene -> program -> disease chain re-derived from the tables,1,-8.031,1.208e-22,4.651,0.0001227,27.9562
FOSL2,Stim48hr,autoimmune disease,consistent with a validated gene -> program -> disease chain re-derived from the tables,1,-8.3341,3.1e-37,2.3196,0.002,27.953
GATA3,Stim8hr,autoimmune disease,consistent with a validated gene -> program -> disease chain re-derived from the tables,1,-19.9951,2.242e-131,3.0405,5.05e-06,27.8233
TESPA1,Stim8hr,atopic eczema,consistent with a validated gene -> program -> disease chain re-derived from the tables,1,-22.3897,2.435e-121,4.8979,0.0005224,27.823
FYB1,Rest,autoimmune disease,effect refuted: knockdown valid by gate but DE_stats shows no on-target effect,1,-0.1091,2.747e-57,2.0975,0.0068,27.82
TRABD2A,Stim8hr,inflammatory bowel disease,consistent with a validated gene -> program -> disease chain re-derived from the tables,1,-13.0084,2.961e-67,2.8934,0.0048,27.7828
TNFAIP3,Stim8hr,Crohn's disease,consistent with a validated gene -> program -> disease chain re-derived from the tables,1,-5.2517,5.694e-34,3.6625,0.0031,27.7816
ADA2,Stim48hr,autoimmune disease,consistent with a validated gene -> program -> disease chain re-derived from the tables,1,-4.7987,3.304e-19,2.018,0.0124,27.756
TIAM1,Stim8hr,autoimmune disease,effect refuted: knockdown valid by gate but DE_stats shows no on-target effect,1,-1.8111,0.0,2.5487,0.0003376,27.737
TBX21,Stim48hr,autoimmune disease,consistent with a validated gene -> program -> disease chain re-derived from the tables,1,-9.219,1.107e-244,1.9239,0.0239,27.6909
TRIB2,Stim8hr,Hashimoto's thyroiditis,consistent with a validated gene -> program -> disease chain re-derived from the tables,1,-9.0206,2.608e-117,4.2031,0.0029,27.5683
LEF1,Rest,rheumatoid arthritis,effect refuted: knockdown valid by gate but DE_stats shows no on-target effect,1,-1.0897,2.086e-83,2.9229,0.0045,27.5629
GATA3,Stim48hr,atopic eczema,consistent with a validated gene -> program -> disease chain re-derived from the tables,1,-14.9488,2.242e-131,4.5639,0.0038,27.5232
IFNG,Stim8hr,rheumatoid arthritis,consistent with a validated gene -> program -> disease chain re-derived from the tables,1,-6.5539,2.826e-143,3.0478,0.0018,27.5024
BCL6,Stim8hr,autoimmune disease,consistent with a validated gene -> program -> disease chain re-derived from the tables,1,-1.479,2.876e-29,2.2219,0.0025,27.4488
C12orf75,Stim8hr,inflammatory bowel disease,consistent with a validated gene -> program -> disease chain re-derived from the tables,1,-7.2575,1.362e-33,2.8934,0.0031,27.388
EOMES,Stim8hr,autoimmune disease,consistent with a validated gene -> program -> disease chain re-derived from the tables,1,-5.1995,3.247e-159,1.9783,0.0184,27.2278
C12orf75,Stim48hr,inflammatory bowel disease,consistent with a validated gene -> program -> disease chain re-derived from the tables,1,-12.1894,1.362e-33,2.9917,0.0008715,27.2163
DPP4,Stim8hr,autoimmune disease,consistent with a validated gene -> program -> disease chain re-derived from the tables,1,-22.4823,2.674e-89,2.5487,0.0003376,27.1895
FAM13A,Rest,inflammatory bowel disease,effect refuted: knockdown valid by gate but DE_stats shows no on-target effect,1,-2.5566,3.342e-18,2.9079,0.0012,27.1815
LEF1,Stim8hr,autoimmune disease,effect refuted: knockdown valid by gate but DE_stats shows no on-target effect,1,-0.404,2.086e-83,2.2219,0.005,27.17
IL12RB2,Rest,rheumatoid arthritis,consistent with a validated gene -> program -> disease chain re-derived from the tables,1,-10.9694,2.093e-113,2.9229,0.0045,27.0934
TNFSF11,Stim48hr,Crohn's disease,effect refuted: knockdown valid by gate but DE_stats shows no on-target effect,1,-3.9729,2.068e-82,3.956,0.0006502,27.0701
TNFAIP3,Stim48hr,Crohn's disease,effect refuted: knockdown valid by gate but DE_stats shows no on-target effect,1,-2.9103,5.694e-34,3.2947,0.0095,27.0604
CDKN1A,Rest,ulcerative colitis,consistent with a validated gene -> program -> disease chain re-derived from the tables,1,-11.6917,3.689e-16,4.1537,0.0303,27.024
SYNE2,Stim48hr,autoimmune disease,consistent with a validated gene -> program -> disease chain re-derived from the tables,1,-15.6445,7.971e-59,2.2157,0.0025,26.8898
JAK2,Stim48hr,rheumatoid arthritis,consistent with a validated gene -> program -> disease chain re-derived from the tables,1,-19.7318,6.006e-86,2.8071,0.0025,26.8764
RRAS2,Stim8hr,autoimmune disease,consistent with a validated gene -> program -> disease chain re-derived from the tables,1,-16.2625,1.482e-16,2.5487,0.0003376,26.8496
ZBTB1,Stim48hr,atopic eczema,consistent with a validated gene -> program -> disease chain re-derived from the tables (with caveats),1,-17.1913,3.16e-16,4.5639,0.0038,26.832
ADCY3,Stim8hr,inflammatory bowel disease,consistent with a validated gene -> program -> disease chain re-derived from the tables,1,-15.3935,1.695e-21,2.6869,0.0141,26.785
NSUN6,Rest,ulcerative colitis,consistent with a validated gene -> program -> disease chain re-derived from the tables,1,-13.3673,7.385e-16,4.1537,0.0303,26.6634
IL2,Stim8hr,asthma,consistent with a validated gene -> program -> disease chain re-derived from the tables,1,-6.0032,1.137e-121,2.5496,0.0184,26.5807
IL2RA,Stim8hr,atopic eczema,consistent with a validated gene -> program -> disease chain re-derived from the tables,1,-16.1827,3.132e-20,4.8979,0.0005224,26.5223
JAK2,Stim8hr,inflammatory bowel disease,consistent with a validated gene -> program -> disease chain re-derived from the tables,1,-21.8893,6.006e-86,2.8934,0.0048,26.5199
CCR2,Stim48hr,rheumatoid arthritis,consistent with a validated gene -> program -> disease chain re-derived from the tables,1,-8.0693,2.381e-34,2.8071,0.0025,26.4947
CTLA4,Stim8hr,autoimmune disease,consistent with a validated gene -> program -> disease chain re-derived from the tables,1,-9.6966,6.028e-69,2.5487,0.0003376,26.4101
SMAD3,Stim8hr,autoimmune disease,consistent with a validated gene -> program -> disease chain re-derived from the tables,1,-3.3054,2.09e-100,3.0405,5.05e-06,26.3553
TIAM1,Stim48hr,autoimmune disease,effect refuted: knockdown valid by gate but DE_stats shows no on-target effect,1,-1.5819,0.0,2.018,0.0124,26.352
SESN1,Stim8hr,asthma,consistent with a validated gene -> program -> disease chain re-derived from the tables,1,-5.1965,1.345e-57,3.0645,0.0018,26.3007
EDARADD,Stim8hr,autoimmune disease,consistent with a validated gene -> program -> disease chain re-derived from the tables,1,-6.8172,1.316e-14,3.0405,5.05e-06,26.2467
CBLB,Stim8hr,rheumatoid arthritis,consistent with a validated gene -> program -> disease chain re-derived from the tables,1,-15.9917,1.747e-300,2.6365,0.0057,26.1607
IL18RAP,Stim8hr,systemic lupus erythematosus,consistent with a validated gene -> program -> disease chain re-derived from the tables,1,-6.1073,5.129e-36,3.7403,0.0025,26.109
NR3C1,Stim8hr,autoimmune disease,consistent with a validated gene -> program -> disease chain re-derived from the tables,1,-11.7828,2.861e-60,2.2219,0.0025,26.0724
NCALD,Stim48hr,autoimmune disease,consistent with a validated gene -> program -> disease chain re-derived from the tables,1,-4.5737,3.042e-78,2.018,0.0124,26.0527
IL18R1,Stim48hr,autoimmune disease,consistent with a validated gene -> program -> disease chain re-derived from the tables,1,-12.0353,5.042e-43,2.018,0.0124,26.003
CTLA4,Stim48hr,autoimmune disease,consistent with a validated gene -> program -> disease chain re-derived from the tables,1,-13.3031,6.028e-69,2.3196,0.002,25.9659
FYN,Stim8hr,autoimmune disease,consistent with a validated gene -> program -> disease chain re-derived from the tables,1,-4.2214,1.077e-30,2.2219,0.0025,25.9135
IRF8,Stim8hr,autoimmune disease,consistent with a validated gene -> program -> disease chain re-derived from the tables,1,-12.2124,2.153e-101,2.5487,0.0003376,25.891
CRTAP,Stim48hr,asthma,consistent with a validated gene -> program -> disease chain re-derived from the tables,1,-15.4097,6.113e-16,2.3613,0.0198,25.8309
BCL2L11,Stim48hr,rheumatoid arthritis,effect refuted: knockdown valid by gate but DE_stats shows no on-target effect,1,-3.6302,1.208e-22,2.8071,0.0025,25.7821
BCL2L11,Stim8hr,asthma,consistent with a validated gene -> program -> disease chain re-derived from the tables,1,-16.7842,1.208e-22,2.5496,0.0184,25.7122
DST,Stim48hr,autoimmune disease,effect refuted: knockdown valid by gate but DE_stats shows no on-target effect,1,-2.6828,2.034e-17,2.3196,0.002,25.6984
IL2RA,Stim48hr,atopic eczema,consistent with a validated gene -> program -> disease chain re-derived from the tables,1,-11.3273,3.132e-20,4.5639,0.0038,25.6887
CDKN1A,Stim8hr,inflammatory bowel disease,consistent with a validated gene -> program -> disease chain re-derived from the tables,1,-10.5757,3.689e-16,2.2933,0.0496,25.6512
IL2,Stim48hr,Crohn's disease,effect refuted: knockdown valid by gate but DE_stats shows no on-target effect,1,-1.1784,1.137e-121,3.956,0.0006502,25.5739
RORC,Stim48hr,ulcerative colitis,effect refuted: knockdown valid by gate but DE_stats shows no on-target effect,1,-0.4177,5.642e-18,3.2147,0.0117,25.3102
SLC43A3,Stim8hr,autoimmune disease,consistent with a validated gene -> program -> disease chain re-derived from the tables,1,-9.4506,1.21e-17,2.2219,0.005,25.0168
SMAD3,Stim48hr,autoimmune disease,effect refuted: knockdown valid by gate but DE_stats shows no on-target effect,1,1.9968,2.09e-100,2.018,0.0124,24.4476
STAT1,Stim8hr,autoimmune disease,consistent with a validated gene -> program -> disease chain re-derived from the tables,1,-15.8073,1.193e-12,3.0405,5.05e-06,24.3633
BACH2,Stim8hr,autoimmune disease,consistent with a validated gene -> program -> disease chain re-derived from the tables,1,-1.4944,5.432e-63,2.5487,0.0003376,24.3269
ACTN1,Stim48hr,Crohn's disease,consistent with a validated gene -> program -> disease chain re-derived from the tables,1,-11.2335,7.303e-16,3.956,0.0006502,24.2494
CDKN1A,Stim48hr,inflammatory bowel disease,consistent with a validated gene -> program -> disease chain re-derived from the tables,1,-11.6539,3.689e-16,2.9917,0.0008715,24.0936
ACTN1,Stim8hr,autoimmune disease,consistent with a validated gene -> program -> disease chain re-derived from the tables,1,-4.8,7.303e-16,2.2219,0.005,23.9958
STAP1,Stim48hr,rheumatoid arthritis,consistent with a validated gene -> program -> disease chain re-derived from the tables,1,-8.2668,9.543e-15,2.8071,0.0025,23.7961
ADAM19,Stim8hr,asthma,consistent with a validated gene -> program -> disease chain re-derived from the tables,1,-11.4085,6.767e-13,3.3018,0.0005511,23.4528
PRKCB,Stim8hr,ankylosing spondylitis,consistent with a validated gene -> program -> disease chain re-derived from the tables,1,-19.4473,7.432e-14,3.6295,0.0066,23.3048
APBB1IP,Stim8hr,autoimmune disease,consistent with a validated gene -> program -> disease chain re-derived from the tables,1,-11.913,1.033e-13,2.2219,0.005,23.2004
PREX1,Rest,rheumatoid arthritis,consistent with a validated gene -> program -> disease chain re-derived from the tables,1,-9.2724,4.479e-14,2.9229,0.0045,22.9988
GNG4,Stim8hr,autoimmune disease,consistent with a validated gene -> program -> disease chain re-derived from the tables,1,-11.6621,6.024e-14,2.2219,0.0025,22.7644
PRKCB,Rest,Crohn's disease,consistent with a validated gene -> program -> disease chain re-derived from the tables,1,-12.065,7.432e-14,4.651,0.0001227,22.7051
SCRN2,Stim8hr,asthma,consistent with a validated gene -> program -> disease chain re-derived from the tables,1,-8.2938,1.8e-12,3.3018,0.0005511,22.5247
ITPR1,Stim8hr,autoimmune disease,consistent with a validated gene -> program -> disease chain re-derived from the tables,1,-10.6042,2.678e-14,3.0405,5.05e-06,22.3038
BHLHE40,Stim8hr,ankylosing spondylitis,consistent with a validated gene -> program -> disease chain re-derived from the tables,1,-17.8571,1.526e-14,3.6295,0.0066,22.2311
EDARADD,Stim48hr,autoimmune disease,consistent with a validated gene -> program -> disease chain re-derived from the tables,1,-6.5456,1.316e-14,1.9239,0.0239,22.0707
ZMAT3,Stim48hr,ankylosing spondylitis,consistent with a validated gene -> program -> disease chain re-derived from the tables,1,-11.7818,4.195e-14,3.0531,0.0199,22.0634
PDK1,Stim48hr,autoimmune disease,"partial chain - effect:untested, program:supported, disease:supported",1,,6.936e-16,1.9239,0.0239,21.9878
ZMAT3,Stim8hr,rheumatoid arthritis,consistent with a validated gene -> program -> disease chain re-derived from the tables,1,-9.7614,4.195e-14,2.6365,0.0057,21.9287
NAB2,Stim8hr,atopic eczema,consistent with a validated gene -> program -> disease chain re-derived from the tables,1,-16.8816,1.955e-13,3.8985,0.0028,21.7529
PRKCB,Stim48hr,autoimmune disease,consistent with a validated gene -> program -> disease chain re-derived from the tables,1,-26.522,7.432e-14,2.3196,0.002,20.8654
PLEC,Stim8hr,multiple sclerosis,consistent with a validated gene -> program -> disease chain re-derived from the tables,1,-6.637,2.59e-12,2.893,0.0308,20.6804
CEP57,Stim8hr,asthma,consistent with a validated gene -> program -> disease chain re-derived from the tables,1,-7.4264,1.145e-11,3.3018,0.0005511,20.5315
INPP4A,Stim8hr,celiac disease,consistent with a validated gene -> program -> disease chain re-derived from the tables,1,-6.1628,2.25e-11,4.3421,0.0204,20.2544
S100A11,Stim8hr,atopic eczema,consistent with a validated gene -> program -> disease chain re-derived from the tables,1,-14.2139,3.131e-11,2.9819,0.0314,20.0161
LRRC58,Stim8hr,inflammatory bowel disease,consistent with a validated gene -> program -> disease chain re-derived from the tables,1,-16.9893,1.261e-11,2.1056,0.0352,19.8448
DUSP5,Stim48hr,Crohn's disease,effect refuted: knockdown valid by gate but DE_stats shows no on-target effect,1,-3.6006,5.131e-12,3.956,0.0006502,19.6722
STAT1,Stim48hr,rheumatoid arthritis,consistent with a validated gene -> program -> disease chain re-derived from the tables,1,-15.5054,1.193e-12,2.8071,0.0025,19.5822
FRMD4B,Stim8hr,ankylosing spondylitis,effect refuted: knockdown valid by gate but DE_stats shows no on-target effect,1,-0.7866,9.826e-13,3.6295,0.0066,19.4224
CDKN3,Stim8hr,autoimmune disease,consistent with a validated gene -> program -> disease chain re-derived from the tables,1,-11.4179,2.398e-11,1.926,0.0255,19.3461
TCF7,Stim8hr,rheumatoid arthritis,consistent with a validated gene -> program -> disease chain re-derived from the tables,1,-6.1245,7.738e-13,3.0478,0.0018,19.1869
ATP8B2,Stim8hr,autoimmune disease,consistent with a validated gene -> program -> disease chain re-derived from the tables,1,-9.387,8.263e-09,3.0405,5.05e-06,19.0789
STMN3,Rest,autoimmune disease,consistent with a validated gene -> program -> disease chain re-derived from the tables,1,-5.7405,1.489e-12,2.0975,0.0068,19.0652
TAGAP,Stim48hr,Crohn's disease,consistent with a validated gene -> program -> disease chain re-derived from the tables,1,-5.0392,1.247e-12,3.2947,0.0095,19.0631
DUSP5,Stim8hr,autoimmune disease,consistent with a validated gene -> program -> disease chain re-derived from the tables,1,-8.7739,5.131e-12,2.5487,0.0003376,18.8202
IKBKE,Stim8hr,asthma,consistent with a validated gene -> program -> disease chain re-derived from the tables,1,-9.9095,1.167e-11,3.0645,0.0018,18.7572
SPATS2L,Stim8hr,autoimmune disease,consistent with a validated gene -> program -> disease chain re-derived from the tables,1,-7.837,4.596e-11,2.5487,0.0003376,18.7226
ERAP1,Stim8hr,autoimmune disease,consistent with a validated gene -> program -> disease chain re-derived from the tables,1,-19.3979,2.792e-11,1.9783,0.0184,18.7136
CSF2,Stim8hr,autoimmune disease,consistent with a validated gene -> program -> disease chain re-derived from the tables,1,-10.923,2.113e-10,3.0405,5.05e-06,18.5937
STMN3,Stim8hr,autoimmune disease,effect refuted: knockdown valid by gate but DE_stats shows no on-target effect,1,-2.8984,1.489e-12,2.2219,0.005,18.588
RNF125,Stim8hr,asthma,consistent with a validated gene -> program -> disease chain re-derived from the tables,1,-11.2208,1.372e-09,3.3018,0.0005511,18.398
IER5L,Stim8hr,atopic eczema,effect refuted: knockdown valid by gate but DE_stats shows no on-target effect,1,-2.9089,5.033e-11,2.9819,0.0404,18.1148
SMAD2,Stim8hr,asthma,consistent with a validated gene -> program -> disease chain re-derived from the tables,1,-20.7495,7.54e-10,3.3018,0.0005511,18.0483
CD28,Rest,rheumatoid arthritis,consistent with a validated gene -> program -> disease chain re-derived from the tables,1,-24.9682,4.601e-11,2.9229,0.0045,17.9663
CD28,Stim8hr,autoimmune disease,consistent with a validated gene -> program -> disease chain re-derived from the tables,1,-22.406,4.601e-11,2.5487,0.0003376,17.8529
IER5L,Rest,atopic eczema,effect refuted: knockdown valid by gate but DE_stats shows no on-target effect,1,-2.4057,5.033e-11,2.7641,0.0496,17.7355
UFM1,Stim8hr,autoimmune disease,consistent with a validated gene -> program -> disease chain re-derived from the tables,1,-32.6117,2.034e-10,2.2219,0.0025,17.6513
RASA3,Stim8hr,autoimmune disease,consistent with a validated gene -> program -> disease chain re-derived from the tables,1,-9.2,1.151e-07,3.0405,5.05e-06,17.5682
RNF125,Stim48hr,asthma,consistent with a validated gene -> program -> disease chain re-derived from the tables,1,-12.5847,1.372e-09,2.3613,0.0318,17.4408
VEGFB,Stim8hr,autoimmune disease,consistent with a validated gene -> program -> disease chain re-derived from the tables,1,-15.456,7.757e-08,3.0405,5.05e-06,17.4099
CD28,Stim48hr,autoimmune disease,consistent with a validated gene -> program -> disease chain re-derived from the tables,1,-18.4759,4.601e-11,2.3196,0.002,17.3213
MYB,Stim8hr,autoimmune disease,consistent with a validated gene -> program -> disease chain re-derived from the tables,1,-12.6129,3.212e-08,3.0405,5.05e-06,17.173
GPR18,Rest,Crohn's disease,consistent with a validated gene -> program -> disease chain re-derived from the tables,1,-7.126,2.173e-09,4.651,0.0001227,16.9842
KCNQ1,Stim48hr,autoimmune disease,consistent with a validated gene -> program -> disease chain re-derived from the tables,1,-4.5886,1.905e-09,2.3196,0.002,16.9055
NAMPT,Stim8hr,asthma,consistent with a validated gene -> program -> disease chain re-derived from the tables,1,-14.4572,7.069e-09,3.3018,0.0005511,16.8819
FADS2,Stim48hr,Crohn's disease,consistent with a validated gene -> program -> disease chain re-derived from the tables (with caveats),1,-30.979,1.511e-09,3.956,0.0006502,16.7802
COL6A3,Stim8hr,asthma,effect refuted: knockdown valid by gate but DE_stats shows no on-target effect,1,-2.6204,2.667e-10,2.3974,0.0296,16.7523
PHLDA1,Stim8hr,autoimmune disease,consistent with a validated gene -> program -> disease chain re-derived from the tables,1,-12.9828,3.961e-08,3.0405,5.05e-06,16.7083
FADS2,Stim8hr,Crohn's disease,consistent with a validated gene -> program -> disease chain re-derived from the tables (with caveats),1,-11.8744,1.511e-09,3.6625,0.0031,16.6786
CD244,Rest,Crohn's disease,effect refuted: knockdown valid by gate but DE_stats shows no on-target effect,1,0.0,1.915e-10,4.651,0.0001227,16.6691
ADGRE5,Stim8hr,autoimmune disease,consistent with a validated gene -> program -> disease chain re-derived from the tables,1,-18.3566,1.38e-09,2.2219,0.0025,16.6535
PIM3,Stim8hr,autoimmune disease,consistent with a validated gene -> program -> disease chain re-derived from the tables,1,-7.8351,6.071e-10,2.2219,0.0025,16.618
CSF2,Stim48hr,rheumatoid arthritis,consistent with a validated gene -> program -> disease chain re-derived from the tables,1,-7.8104,2.113e-10,2.8071,0.0025,16.5933
CEP128,Stim48hr,autoimmune disease,consistent with a validated gene -> program -> disease chain re-derived from the tables,1,-20.7994,1.371e-09,1.9239,0.0239,16.4784
ANXA11,Stim8hr,autoimmune disease,consistent with a validated gene -> program -> disease chain re-derived from the tables,1,-36.4246,9.844e-10,2.2219,0.005,16.3021
LGALS9,Rest,Crohn's disease,consistent with a validated gene -> program -> disease chain re-derived from the tables,1,-9.4929,3.406e-07,4.651,0.0001227,16.2395
EAF2,Stim8hr,asthma,consistent with a validated gene -> program -> disease chain re-derived from the tables (with caveats),1,-11.3728,4.301e-05,20.424,4.971e-05,16.0631
ICOS,Stim48hr,autoimmune disease,consistent with a validated gene -> program -> disease chain re-derived from the tables,1,-12.3368,6.576e-09,1.9239,0.0478,16.0567
LRRC32,Stim8hr,atopic eczema,consistent with a validated gene -> program -> disease chain re-derived from the tables,1,-5.3466,4.671e-08,4.8979,0.0005224,15.734
PHLDA1,Rest,ankylosing spondylitis,effect refuted: knockdown valid by gate but DE_stats shows no on-target effect,1,-4.3155,3.961e-08,4.6227,0.0303,15.6531
PHC1,Stim8hr,rheumatoid arthritis,consistent with a validated gene -> program -> disease chain re-derived from the tables,1,-5.514,2.523e-09,2.2506,0.0288,15.5158
GPR18,Stim8hr,asthma,consistent with a validated gene -> program -> disease chain re-derived from the tables,1,-8.7174,2.173e-09,2.6126,0.0224,15.448
RBPJ,Stim8hr,Crohn's disease,consistent with a validated gene -> program -> disease chain re-derived from the tables,1,-19.6347,1.109e-07,2.9314,0.0255,15.4288
CYFIP2,Stim8hr,asthma,consistent with a validated gene -> program -> disease chain re-derived from the tables,1,-11.3542,8.959e-08,2.5496,0.0184,15.3135
MYO1B,Stim8hr,asthma,consistent with a validated gene -> program -> disease chain re-derived from the tables,1,-5.1639,1.285e-07,3.0645,0.0018,15.2072
SPNS3,Rest,rheumatoid arthritis,effect refuted: knockdown valid by gate but DE_stats shows no on-target effect,1,-2.532,9.436e-10,2.1213,0.034,15.1329
CYFIP2,Stim48hr,asthma,consistent with a validated gene -> program -> disease chain re-derived from the tables,1,-17.0654,8.959e-08,2.3613,0.0318,15.0814
IL7R,Stim8hr,autoimmune disease,consistent with a validated gene -> program -> disease chain re-derived from the tables,1,-3.6042,2.109e-08,3.0405,5.05e-06,14.9933
ITGAM,Stim48hr,autoimmune disease,consistent with a validated gene -> program -> disease chain re-derived from the tables,1,-4.9559,1.027e-08,1.9239,0.0239,14.9859
REXO2,Rest,inflammatory bowel disease,consistent with a validated gene -> program -> disease chain re-derived from the tables,1,-28.2223,4.184e-07,2.9079,0.0012,14.9297
LRBA,Stim8hr,rheumatoid arthritis,consistent with a validated gene -> program -> disease chain re-derived from the tables,1,-17.7328,4.011e-07,3.0478,0.0018,14.9273
PHLDA1,Stim48hr,ankylosing spondylitis,consistent with a validated gene -> program -> disease chain re-derived from the tables,1,-8.5522,3.961e-08,3.3994,0.0115,14.8727
SYPL1,Stim48hr,asthma,consistent with a validated gene -> program -> disease chain re-derived from the tables,1,-13.9848,4.171e-08,2.5622,0.0095,14.7759
MLKL,Stim8hr,autoimmune disease,consistent with a validated gene -> program -> disease chain re-derived from the tables,1,-24.4077,9.431e-08,1.8335,0.0253,14.6425
MYB,Stim48hr,asthma,consistent with a validated gene -> program -> disease chain re-derived from the tables,1,-11.5812,3.212e-08,2.5622,0.0095,14.5629
ELOVL4,Stim48hr,autoimmune disease,effect refuted: knockdown valid by gate but DE_stats shows no on-target effect,1,-2.7348,6.513e-09,2.3196,0.002,14.4807
KLF3,Stim8hr,autoimmune disease,consistent with a validated gene -> program -> disease chain re-derived from the tables,1,-4.1979,4.092e-07,3.0405,5.05e-06,14.4396
REXO2,Stim8hr,autoimmune disease,consistent with a validated gene -> program -> disease chain re-derived from the tables,1,-35.1683,4.184e-07,2.5487,0.0003376,14.4347
IL4,Stim48hr,atopic eczema,consistent with a validated gene -> program -> disease chain re-derived from the tables,1,-5.6505,7.392e-08,4.5639,0.0038,14.4145
CTH,Stim48hr,autoimmune disease,consistent with a validated gene -> program -> disease chain re-derived from the tables,1,-12.9238,8.568e-09,2.018,0.0124,14.398
CCR7,Stim8hr,atopic eczema,consistent with a validated gene -> program -> disease chain re-derived from the tables,1,-11.5229,3.076e-06,3.8545,0.0123,14.2235
AGPAT2,Stim8hr,autoimmune disease,consistent with a validated gene -> program -> disease chain re-derived from the tables,1,-5.7728,2.296e-07,2.2219,0.005,14.1105
FAM184A,Stim8hr,type 1 diabetes mellitus,consistent with a validated gene -> program -> disease chain re-derived from the tables,1,-11.0564,6.59e-07,2.7316,0.0352,14.1013
STAT3,Stim48hr,Crohn's disease,consistent with a validated gene -> program -> disease chain re-derived from the tables,1,-14.5698,3.798e-07,3.956,0.0006502,14.0705
LRRC32,Stim48hr,autoimmune disease,consistent with a validated gene -> program -> disease chain re-derived from the tables,1,-5.512,4.671e-08,2.2157,0.0025,13.9836
CPPED1,Stim48hr,autoimmune disease,consistent with a validated gene -> program -> disease chain re-derived from the tables,1,-16.4197,2.093e-07,2.3196,0.002,13.8739
RASA3,Stim48hr,autoimmune disease,consistent with a validated gene -> program -> disease chain re-derived from the tables,1,-11.9356,1.151e-07,2.3196,0.002,13.8716
JADE2,Stim8hr,rheumatoid arthritis,consistent with a validated gene -> program -> disease chain re-derived from the tables,1,-4.6371,1.509e-07,3.0478,0.0018,13.837
STAT3,Stim8hr,Crohn's disease,consistent with a validated gene -> program -> disease chain re-derived from the tables,1,-17.6341,3.798e-07,3.6625,0.0031,13.778
ANXA1,Stim48hr,type 1 diabetes mellitus,consistent with a validated gene -> program -> disease chain re-derived from the tables,1,-10.2552,3.63e-06,3.4347,0.0277,13.5458
CXCR4,Stim8hr,autoimmune disease,consistent with a validated gene -> program -> disease chain re-derived from the tables,1,-11.088,1.409e-06,2.5487,0.0003376,13.4289
UBASH3B,Stim8hr,autoimmune disease,consistent with a validated gene -> program -> disease chain re-derived from the tables,1,-11.6913,0.0001155,3.0405,5.05e-06,13.4137
FADS1,Stim48hr,Crohn's disease,consistent with a validated gene -> program -> disease chain re-derived from the tables (with caveats),1,-24.6064,5.687e-07,3.2947,0.0095,13.2726
IL4,Stim8hr,asthma,effect refuted: knockdown valid by gate but DE_stats shows no on-target effect,1,-3.571,7.392e-08,2.5496,0.0184,13.0426
STAT5A,Stim8hr,asthma,consistent with a validated gene -> program -> disease chain re-derived from the tables,1,-23.7671,3.539e-05,3.0645,0.0018,13.0053
IL7R,Stim48hr,rheumatoid arthritis,effect refuted: knockdown valid by gate but DE_stats shows no on-target effect,1,-1.6832,2.109e-08,2.8071,0.0025,12.9801
ARHGEF3,Stim8hr,asthma,effect refuted: knockdown valid by gate but DE_stats shows no on-target effect,1,0.0,2.202e-08,2.6126,0.0224,12.8278
CNN2,Stim8hr,asthma,consistent with a validated gene -> program -> disease chain re-derived from the tables,1,-12.8221,1.99e-06,2.1891,0.02,12.8074
HDAC4,Stim8hr,ankylosing spondylitis,consistent with a validated gene -> program -> disease chain re-derived from the tables,1,-13.8692,2.385e-06,2.9054,0.0253,12.6296
PTP4A3,Stim8hr,autoimmune disease,consistent with a validated gene -> program -> disease chain re-derived from the tables,1,-4.9849,1.18e-06,2.12,0.0029,12.5878
INPP5A,Stim48hr,ulcerative colitis,consistent with a validated gene -> program -> disease chain re-derived from the tables,1,-11.3021,2.091e-06,3.2147,0.0117,12.466
KLF3,Stim48hr,autoimmune disease,effect refuted: knockdown valid by gate but DE_stats shows no on-target effect,1,-3.1416,4.092e-07,1.9239,0.0239,12.4332
TRIB1,Stim8hr,Crohn's disease,consistent with a validated gene -> program -> disease chain re-derived from the tables,1,-8.2234,3.194e-06,2.9314,0.0496,12.4016
ETS2,Rest,rheumatoid arthritis,consistent with a validated gene -> program -> disease chain re-derived from the tables,1,-9.4937,6.204e-06,2.9229,0.0045,12.3347
CXCR4,Stim48hr,autoimmune disease,consistent with a validated gene -> program -> disease chain re-derived from the tables,1,-17.1426,1.409e-06,2.2157,0.0025,12.3135
STAT5B,Stim8hr,autoimmune disease,consistent with a validated gene -> program -> disease chain re-derived from the tables,1,-7.5014,1.04e-05,2.2219,0.005,12.2532
TP53INP1,Stim48hr,autoimmune disease,consistent with a validated gene -> program -> disease chain re-derived from the tables,1,-9.1186,9.499e-06,2.2157,0.0025,12.2319
ZEB2,Stim8hr,autoimmune disease,effect refuted: knockdown valid by gate but DE_stats shows no on-target effect,1,-0.7174,5.344e-09,2.2219,0.0025,12.1107
SLC39A8,Stim8hr,asthma,consistent with a validated gene -> program -> disease chain re-derived from the tables,1,-28.4704,0.0001829,3.3018,0.0005511,12.0692
CUTA,Stim8hr,autoimmune disease,consistent with a validated gene -> program -> disease chain re-derived from the tables (with caveats),1,-23.1359,6.004e-06,1.9783,0.0184,12.048
CD226,Stim48hr,Crohn's disease,consistent with a validated gene -> program -> disease chain re-derived from the tables,1,-9.269,4.654e-05,3.956,0.0006502,12.0306
PDE4A,Stim8hr,rheumatoid arthritis,effect refuted: knockdown valid by gate but DE_stats shows no on-target effect,1,-0.4921,8.578e-08,3.0478,0.0018,12.014
TNFSF8,Rest,Crohn's disease,consistent with a validated gene -> program -> disease chain re-derived from the tables,1,-17.282,0.0001303,5.2985,0.0347,11.9818
INPP5A,Stim8hr,inflammatory bowel disease,consistent with a validated gene -> program -> disease chain re-derived from the tables,1,-10.6144,2.091e-06,2.8934,0.0048,11.9064
DNAJB9,Stim8hr,type 1 diabetes mellitus,consistent with a validated gene -> program -> disease chain re-derived from the tables (with caveats),1,-12.8453,0.0004528,4.0078,0.0052,11.77
LMNA,Stim48hr,autoimmune disease,consistent with a validated gene -> program -> disease chain re-derived from the tables,1,-12.9832,3.216e-05,2.018,0.0124,11.731
TMEM50A,Stim8hr,autoimmune disease,consistent with a validated gene -> program -> disease chain re-derived from the tables,1,-30.0238,0.0066,3.0405,5.05e-06,11.6975
CD226,Stim8hr,systemic lupus erythematosus,consistent with a validated gene -> program -> disease chain re-derived from the tables,1,-13.2023,4.654e-05,3.7403,0.0025,11.5444
STK17B,Stim8hr,inflammatory bowel disease,effect refuted: knockdown valid by gate but DE_stats shows no on-target effect,1,-4.0029,5.621e-06,2.6869,0.0141,11.5144
TNFSF8,Stim8hr,Crohn's disease,consistent with a validated gene -> program -> disease chain re-derived from the tables,1,-14.9838,0.0001303,3.2899,0.0114,11.4245
EGR2,Stim8hr,asthma,consistent with a validated gene -> program -> disease chain re-derived from the tables,1,-11.0613,0.0494,20.424,4.971e-05,11.4212
NFKBIA,Stim8hr,asthma,consistent with a validated gene -> program -> disease chain re-derived from the tables,1,-7.4643,0.0388,20.424,4.971e-05,11.3302
NRN1,Stim8hr,autoimmune disease,effect refuted: knockdown valid by gate but DE_stats shows no on-target effect,1,-2.5017,4.486e-05,2.5487,0.0003376,11.293
LTA,Stim8hr,autoimmune disease,consistent with a validated gene -> program -> disease chain re-derived from the tables,1,-6.9192,8.505e-06,1.9783,0.0184,11.2393
KCTD20,Stim8hr,inflammatory bowel disease,consistent with a validated gene -> program -> disease chain re-derived from the tables,1,-18.3115,8.044e-05,2.8934,0.0048,11.2219
IL5,Stim48hr,asthma,effect refuted: knockdown valid by gate but DE_stats shows no on-target effect,1,-2.9938,6.635e-06,2.5622,0.0095,11.1643
MAF,Stim48hr,autoimmune disease,consistent with a validated gene -> program -> disease chain re-derived from the tables,1,-3.213,8.299e-07,2.018,0.0124,11.1453
RSRP1,Stim8hr,autoimmune disease,consistent with a validated gene -> program -> disease chain re-derived from the tables,1,-15.2197,3.419e-05,1.9783,0.0184,11.1036
TRIM22,Stim48hr,Crohn's disease,consistent with a validated gene -> program -> disease chain re-derived from the tables,1,-10.1602,2.802e-05,3.956,0.0006502,11.0695
DMAC1,Stim8hr,asthma,consistent with a validated gene -> program -> disease chain re-derived from the tables,1,-8.3345,1.917e-05,2.5496,0.0184,11.0027
NDUFV2,Stim48hr,autoimmune disease,consistent with a validated gene -> program -> disease chain re-derived from the tables,1,-27.9337,1.487e-05,2.018,0.0124,10.9967
NEK6,Stim8hr,autoimmune disease,effect refuted: knockdown valid by gate but DE_stats shows no on-target effect,1,-2.9975,1.14e-07,2.2219,0.005,10.9854
LMAN1,Rest,autoimmune disease,consistent with a validated gene -> program -> disease chain re-derived from the tables,1,-9.5282,0.0001206,2.0975,0.0068,10.9527
ATP8B4,Stim8hr,autoimmune disease,consistent with a validated gene -> program -> disease chain re-derived from the tables,1,-8.6315,0.0143,3.0405,5.05e-06,10.8711
TGFBR3,Stim8hr,asthma,consistent with a validated gene -> program -> disease chain re-derived from the tables,1,-7.1579,4.181e-05,2.5496,0.0184,10.8695
RGS1,Stim8hr,multiple sclerosis,effect refuted: knockdown valid by gate but DE_stats shows no on-target effect,1,-0.9029,1.465e-06,2.8606,0.0438,10.8414
SLC39A8,Stim48hr,Crohn's disease,consistent with a validated gene -> program -> disease chain re-derived from the tables,1,-34.598,0.0001829,3.2947,0.0095,10.8408
IRF4,Stim8hr,atopic eczema,consistent with a validated gene -> program -> disease chain re-derived from the tables,1,-11.3805,5.79e-05,3.8545,0.0123,10.8016
SEC61B,Stim48hr,asthma,"partial chain - effect:untested, program:supported, disease:supported",1,,6.962e-07,2.3613,0.0265,10.6408
EMB,Stim8hr,type 1 diabetes mellitus,consistent with a validated gene -> program -> disease chain re-derived from the tables,1,-14.5127,0.000383,2.7316,0.0352,10.6057
PTGER4,Stim8hr,type 1 diabetes mellitus,consistent with a validated gene -> program -> disease chain re-derived from the tables,1,-12.4344,0.0005107,4.0078,0.0052,10.5769
LTA,Stim48hr,autoimmune disease,consistent with a validated gene -> program -> disease chain re-derived from the tables,1,-5.923,8.505e-06,2.018,0.0124,10.5414
IL10,Stim8hr,autoimmune disease,consistent with a validated gene -> program -> disease chain re-derived from the tables,1,-5.1957,3.137e-05,2.5487,0.0003376,10.5307
RNF19A,Stim8hr,autoimmune disease,consistent with a validated gene -> program -> disease chain re-derived from the tables,1,-11.8661,5.541e-05,2.2219,0.0025,10.499
ADPRH,Stim48hr,autoimmune disease,consistent with a validated gene -> program -> disease chain re-derived from the tables,1,-7.9641,0.0005018,2.3196,0.002,10.4729
FKBP5,Stim48hr,ankylosing spondylitis,consistent with a validated gene -> program -> disease chain re-derived from the tables,1,-16.7266,0.0002643,3.3994,0.0115,10.4314
ARSB,Stim48hr,rheumatoid arthritis,consistent with a validated gene -> program -> disease chain re-derived from the tables,1,-8.8945,0.000249,2.8071,0.0025,10.4231
FKBP5,Rest,rheumatoid arthritis,consistent with a validated gene -> program -> disease chain re-derived from the tables,1,-15.2686,0.0002643,2.9229,0.0045,10.4148
CRY1,Stim8hr,autoimmune disease,consistent with a validated gene -> program -> disease chain re-derived from the tables,1,-15.01,0.0011,2.2219,0.0025,10.3693
CARD11,Stim8hr,atopic eczema,consistent with a validated gene -> program -> disease chain re-derived from the tables,1,-4.4617,0.0002231,3.8545,0.0123,10.3136
ZFP36L2,Stim48hr,autoimmune disease,consistent with a validated gene -> program -> disease chain re-derived from the tables,1,-5.3817,2.395e-05,1.9239,0.0239,10.2862
CD247,Rest,Hashimoto's thyroiditis,consistent with a validated gene -> program -> disease chain re-derived from the tables,1,-13.2625,0.002,3.4852,0.0237,10.2411
GNG2,Stim8hr,autoimmune disease,consistent with a validated gene -> program -> disease chain re-derived from the tables,1,-23.9541,0.001,2.2219,0.005,10.2274
SOCS1,Stim8hr,atopic eczema,consistent with a validated gene -> program -> disease chain re-derived from the tables,1,-8.6982,0.0033,4.8979,0.0005224,10.2067
TBC1D10C,Stim8hr,atopic eczema,consistent with a validated gene -> program -> disease chain re-derived from the tables,1,-22.4491,0.0091,3.8985,0.0028,10.1988
NLRC5,Stim8hr,autoimmune disease,consistent with a validated gene -> program -> disease chain re-derived from the tables,1,-18.4393,0.0466,3.0405,5.05e-06,10.1865
TRIM22,Stim8hr,Crohn's disease,consistent with a validated gene -> program -> disease chain re-derived from the tables,1,-14.1616,2.802e-05,2.9314,0.0255,10.1757
AQP3,Stim8hr,atopic eczema,effect refuted: knockdown valid by gate but DE_stats shows no on-target effect,1,-2.697,0.0026,4.8979,0.0005224,10.1734
DENND3,Stim8hr,autoimmune disease,effect refuted: knockdown valid by gate but DE_stats shows no on-target effect,1,-3.0261,9.178e-06,1.8335,0.0253,10.1289
STAT6,Stim8hr,atopic eczema,consistent with a validated gene -> program -> disease chain re-derived from the tables,1,-18.7444,0.0268,4.8979,0.0005224,10.0875
TXK,Stim8hr,multiple sclerosis,consistent with a validated gene -> program -> disease chain re-derived from the tables,1,-6.257,0.0003558,2.893,0.0308,10.0348
TYMP,Stim8hr,autoimmune disease,consistent with a validated gene -> program -> disease chain re-derived from the tables,1,-12.6226,0.021,3.0405,5.05e-06,9.9821
FKBP5,Stim8hr,autoimmune disease,consistent with a validated gene -> program -> disease chain re-derived from the tables,1,-14.9374,0.0002643,2.2219,0.005,9.9231
ARSB,Stim8hr,ankylosing spondylitis,consistent with a validated gene -> program -> disease chain re-derived from the tables,1,-9.0992,0.000249,2.9054,0.0253,9.9041
PGS1,Stim8hr,autoimmune disease,consistent with a validated gene -> program -> disease chain re-derived from the tables,1,-7.3177,0.000121,1.9783,0.0184,9.8593
PSMB9,Rest,ankylosing spondylitis,consistent with a validated gene -> program -> disease chain re-derived from the tables (with caveats),1,-26.6717,0.009,4.6227,0.0303,9.8523
STK17B,Stim48hr,autoimmune disease,effect refuted: knockdown valid by gate but DE_stats shows no on-target effect,1,-2.1672,5.621e-06,2.018,0.0124,9.8339
DUSP16,Stim8hr,autoimmune disease,consistent with a validated gene -> program -> disease chain re-derived from the tables,1,-11.144,0.0053,2.5487,0.0003376,9.8226
CDK6,Stim8hr,autoimmune disease,program link refuted: knockdown valid but no significant Th1/Th2 shift,1,-7.7114,0.0732,3.0405,5.05e-06,9.8186
IL10,Stim48hr,autoimmune disease,effect refuted: knockdown valid by gate but DE_stats shows no on-target effect,1,-3.4829,3.137e-05,2.3196,0.002,9.791
RCAN1,Stim8hr,autoimmune disease,effect refuted: knockdown valid by gate but DE_stats shows no on-target effect,1,-2.4481,7.573e-05,2.2219,0.0025,9.7642
CEBPB,Stim48hr,inflammatory bowel disease,consistent with a validated gene -> program -> disease chain re-derived from the tables,1,-11.9533,0.0007737,2.2364,0.0496,9.7321
GNG2,Rest,autoimmune disease,consistent with a validated gene -> program -> disease chain re-derived from the tables,1,-32.6311,0.001,2.0975,0.0068,9.6467
AHI1,Stim8hr,autoimmune disease,consistent with a validated gene -> program -> disease chain re-derived from the tables,1,-14.5584,0.0246,3.0405,5.05e-06,9.6305
SATB1,Rest,Crohn's disease,effect refuted: knockdown valid by gate but DE_stats shows no on-target effect,1,-2.9628,0.0009101,4.651,0.0001227,9.6219
DCTD,Stim48hr,systemic lupus erythematosus,consistent with a validated gene -> program -> disease chain re-derived from the tables,1,-25.4975,0.0027,3.2626,0.0197,9.6155
GRAMD1B,Stim8hr,autoimmune disease,effect refuted: knockdown valid by gate but DE_stats shows no on-target effect,1,0.3191,0.0014,3.0405,5.05e-06,9.5985
KLF6,Rest,autoimmune disease,consistent with a validated gene -> program -> disease chain re-derived from the tables,1,-9.3066,0.0014,2.0975,0.0068,9.5408
PTGER4,Rest,rheumatoid arthritis,consistent with a validated gene -> program -> disease chain re-derived from the tables,1,-8.7564,0.0005107,2.9229,0.0045,9.5341
HDGF,Stim8hr,Crohn's disease,consistent with a validated gene -> program -> disease chain re-derived from the tables,1,-15.7349,0.0022,3.2899,0.0114,9.4945
ANXA2,Stim48hr,autoimmune disease,consistent with a validated gene -> program -> disease chain re-derived from the tables,1,-11.9523,0.0026,2.2157,0.0025,9.4939
DOT1L,Stim8hr,autoimmune disease,program link refuted: knockdown valid but no significant Th1/Th2 shift,1,-12.4039,0.3597,3.0405,5.05e-06,9.4402
CDYL2,Stim48hr,autoimmune disease,consistent with a validated gene -> program -> disease chain re-derived from the tables,1,-11.8289,0.0038,2.3196,0.002,9.4191
TARS2,Stim8hr,atopic eczema,program link refuted: knockdown valid but no significant Th1/Th2 shift,1,-11.9254,0.1779,4.8979,0.0005224,9.4148
AQP3,Rest,atopic eczema,consistent with a validated gene -> program -> disease chain re-derived from the tables,1,-11.5171,0.0026,2.7641,0.0496,9.4005
S1PR4,Stim8hr,autoimmune disease,consistent with a validated gene -> program -> disease chain re-derived from the tables,1,-11.9577,0.0391,2.5487,0.0003376,9.1716
CD40LG,Stim8hr,autoimmune disease,consistent with a validated gene -> program -> disease chain re-derived from the tables,1,-17.2996,0.0023,1.9783,0.0184,9.1716
SOCS1,Rest,ulcerative colitis,consistent with a validated gene -> program -> disease chain re-derived from the tables,1,-6.4435,0.0033,4.1537,0.0303,9.1281
GLS,Stim8hr,autoimmune disease,consistent with a validated gene -> program -> disease chain re-derived from the tables,1,-18.377,0.0234,2.5487,0.0003376,9.1016
KLF6,Stim8hr,autoimmune disease,consistent with a validated gene -> program -> disease chain re-derived from the tables,1,-6.4395,0.0014,2.0214,0.0062,9.0738
GPR183,Stim8hr,autoimmune disease,program link refuted: knockdown valid but no significant Th1/Th2 shift,1,-11.377,0.0765,3.0405,5.05e-06,9.0676
ADO,Stim8hr,asthma,program link refuted: knockdown valid but no significant Th1/Th2 shift,1,-6.0697,0.3378,20.424,4.971e-05,9.0587
PLXNC1,Stim8hr,atopic eczema,consistent with a validated gene -> program -> disease chain re-derived from the tables,1,-5.9315,0.0482,4.8979,0.0005224,8.9827
CD47,Stim48hr,systemic lupus erythematosus,consistent with a validated gene -> program -> disease chain re-derived from the tables,1,-35.7751,0.0178,3.2626,0.0197,8.9353
NCK2,Stim8hr,autoimmune disease,consistent with a validated gene -> program -> disease chain re-derived from the tables,1,-13.0112,0.0013,2.2219,0.005,8.9163
ORMDL3,Stim8hr,autoimmune disease,effect refuted: knockdown valid by gate but DE_stats shows no on-target effect,1,-1.7499,0.0035,3.0405,5.05e-06,8.8782
ATP8B4,Stim48hr,autoimmune disease,consistent with a validated gene -> program -> disease chain re-derived from the tables,1,-11.2456,0.0143,2.2157,0.0025,8.8382
ELF1,Stim8hr,autoimmune disease,effect refuted: knockdown valid by gate but DE_stats shows no on-target effect,1,0.0,2.614e-06,1.926,0.0255,8.79
IRF1,Stim48hr,autoimmune disease,consistent with a validated gene -> program -> disease chain re-derived from the tables,1,-11.4433,0.0007236,2.018,0.0124,8.7721
NCLN,Stim8hr,autoimmune disease,consistent with a validated gene -> program -> disease chain re-derived from the tables (with caveats),1,-30.8615,0.0047,1.9783,0.0184,8.7681
PGD,Stim48hr,multiple sclerosis,"partial chain - effect:untested, program:supported, disease:supported",1,,9.617e-05,3.8202,0.0077,8.7592
RBM17,Stim48hr,Crohn's disease,consistent with a validated gene -> program -> disease chain re-derived from the tables,1,-15.2771,0.007,3.2947,0.0095,8.7551
CIITA,Stim8hr,rheumatoid arthritis,consistent with a validated gene -> program -> disease chain re-derived from the tables,1,-5.2372,0.0034,3.0478,0.0018,8.735
NCOA1,Stim8hr,asthma,consistent with a validated gene -> program -> disease chain re-derived from the tables,1,-10.8954,0.0061,2.3974,0.0296,8.7316
MBIP,Stim8hr,autoimmune disease,consistent with a validated gene -> program -> disease chain re-derived from the tables,1,-10.2364,0.0055,2.2219,0.005,8.7264
SLC7A5,Stim8hr,asthma,consistent with a validated gene -> program -> disease chain re-derived from the tables,1,-12.8852,0.0053,2.1891,0.033,8.7253
CD47,Stim8hr,autoimmune disease,consistent with a validated gene -> program -> disease chain re-derived from the tables,1,-24.95,0.0178,2.5487,0.0003376,8.6951
CELF2,Stim48hr,celiac disease,consistent with a validated gene -> program -> disease chain re-derived from the tables,1,-32.7631,0.0243,3.4335,0.0422,8.6403
SLC7A5,Stim48hr,asthma,consistent with a validated gene -> program -> disease chain re-derived from the tables,1,-8.7485,0.0053,2.3613,0.0198,8.6373
FAR1,Stim8hr,autoimmune disease,program link refuted: knockdown valid but no significant Th1/Th2 shift,1,-26.7324,0.1048,2.5487,0.0003376,8.6192
CWF19L1,Stim8hr,psoriasis,consistent with a validated gene -> program -> disease chain re-derived from the tables,1,-10.03,0.0353,3.1208,0.0061,8.5827
MBD2,Stim8hr,inflammatory bowel disease,consistent with a validated gene -> program -> disease chain re-derived from the tables,1,-12.4624,0.0247,2.8934,0.0048,8.5805
NFKBIZ,Stim48hr,autoimmune disease,consistent with a validated gene -> program -> disease chain re-derived from the tables,1,-5.9799,0.0012,2.3196,0.002,8.5413
PIK3R1,Rest,rheumatoid arthritis,consistent with a validated gene -> program -> disease chain re-derived from the tables,1,-6.5526,0.0043,2.9229,0.0045,8.5311
TRAF1,Stim8hr,systemic lupus erythematosus,consistent with a validated gene -> program -> disease chain re-derived from the tables,1,-18.1123,0.0242,3.7403,0.0025,8.4931
PSMB9,Stim48hr,rheumatoid arthritis,consistent with a validated gene -> program -> disease chain re-derived from the tables,1,-24.7694,0.009,2.8071,0.0025,8.4581
NARF,Stim48hr,rheumatoid arthritis,consistent with a validated gene -> program -> disease chain re-derived from the tables,1,-12.09,0.0101,2.2471,0.0318,8.4207
RBM17,Stim8hr,inflammatory bowel disease,consistent with a validated gene -> program -> disease chain re-derived from the tables,1,-17.5626,0.007,2.6869,0.0141,8.3086
DNMT3A,Stim48hr,ulcerative colitis,effect refuted: knockdown valid by gate but DE_stats shows no on-target effect,1,-3.6175,0.0036,3.2147,0.0117,8.2802
IFITM2,Stim48hr,autoimmune disease,consistent with a validated gene -> program -> disease chain re-derived from the tables,1,-11.6587,0.0301,2.3196,0.002,8.2789
CALHM6,Stim8hr,autoimmune disease,"partial chain - effect:supported, program:untested, disease:supported",1,-7.2526,,3.0405,5.05e-06,8.2721
NUDT1,Stim8hr,type 1 diabetes mellitus,consistent with a validated gene -> program -> disease chain re-derived from the tables,1,-14.7281,0.0381,4.0078,0.0052,8.2694
MBD2,Stim48hr,autoimmune disease,consistent with a validated gene -> program -> disease chain re-derived from the tables,1,-9.9858,0.0247,2.3196,0.002,8.2091
ID2,Stim8hr,asthma,consistent with a validated gene -> program -> disease chain re-derived from the tables,1,-10.2387,0.0138,2.3974,0.0296,8.1969
SATB1,Stim48hr,Crohn's disease,effect refuted: knockdown valid by gate but DE_stats shows no on-target effect,1,-1.0209,0.0009101,3.956,0.0006502,8.164
KLF13,Stim8hr,psoriasis,consistent with a validated gene -> program -> disease chain re-derived from the tables,1,-5.6073,0.0043,2.4554,0.0383,8.1368
MAPK1,Stim48hr,autoimmune disease,consistent with a validated gene -> program -> disease chain re-derived from the tables,1,-17.0352,0.0126,1.9239,0.0239,8.0852
PSMB9,Stim8hr,autoimmune disease,consistent with a validated gene -> program -> disease chain re-derived from the tables (with caveats),1,-26.475,0.009,1.9783,0.0184,8.0782
ARL4C,Stim48hr,autoimmune disease,consistent with a validated gene -> program -> disease chain re-derived from the tables,1,-14.2392,0.0048,2.018,0.0124,8.0487
AKAP11,Stim8hr,asthma,program link refuted: knockdown valid but no significant Th1/Th2 shift,1,-12.1242,0.0836,3.3018,0.0005511,8.0447
ODC1,Stim8hr,inflammatory bowel disease,consistent with a validated gene -> program -> disease chain re-derived from the tables,1,-36.7832,0.0164,2.1056,0.0352,7.9964
TPP2,Rest,rheumatoid arthritis,consistent with a validated gene -> program -> disease chain re-derived from the tables,1,-9.1416,0.026,2.9229,0.0045,7.947
NLRC5,Stim48hr,autoimmune disease,consistent with a validated gene -> program -> disease chain re-derived from the tables,1,-14.4722,0.0466,2.2157,0.0025,7.9317
B3GNT2,Rest,Crohn's disease,program link refuted: knockdown valid but no significant Th1/Th2 shift,1,-19.0671,0.1399,4.651,0.0001227,7.9176
ODC1,Stim48hr,autoimmune disease,consistent with a validated gene -> program -> disease chain re-derived from the tables,1,-20.6818,0.0164,2.018,0.0124,7.8954
RBM33,Stim8hr,autoimmune disease,consistent with a validated gene -> program -> disease chain re-derived from the tables,1,-13.4639,0.0242,1.9783,0.0184,7.8429
FLNB,Stim8hr,asthma,consistent with a validated gene -> program -> disease chain re-derived from the tables,1,-7.8697,0.0141,2.6126,0.0224,7.8047
P4HA2,Stim8hr,autoimmune disease,program link refuted: knockdown valid but no significant Th1/Th2 shift,1,-6.0261,0.261,3.0405,5.05e-06,7.8035
DOK2,Stim48hr,atopic eczema,program link refuted: knockdown valid but no significant Th1/Th2 shift,1,-19.8086,0.4765,4.0035,0.0059,7.8035
CHD3,Stim8hr,autoimmune disease,program link refuted: knockdown valid but no significant Th1/Th2 shift,1,-15.6764,0.4449,2.5487,0.0003376,7.8029
SP110,Stim8hr,psoriasis,program link refuted: knockdown valid but no significant Th1/Th2 shift,1,-10.0247,0.0935,3.1208,0.0167,7.7478
ASXL1,Stim8hr,autoimmune disease,program link refuted: knockdown valid but no significant Th1/Th2 shift,1,-37.508,0.0822,2.5487,0.0003376,7.746
TBCEL,Stim8hr,atopic eczema,consistent with a validated gene -> program -> disease chain re-derived from the tables,1,-6.5869,0.0126,2.5522,0.0441,7.7422
CD109,Stim8hr,autoimmune disease,consistent with a validated gene -> program -> disease chain re-derived from the tables,1,-16.8792,0.0173,2.0214,0.0062,7.7353
TYMP,Stim48hr,autoimmune disease,consistent with a validated gene -> program -> disease chain re-derived from the tables,1,-10.9213,0.021,2.018,0.0124,7.6529
P2RY10,Stim8hr,rheumatoid arthritis,program link refuted: knockdown valid but no significant Th1/Th2 shift,1,-12.6226,0.0805,3.0478,0.0018,7.6352
CISD1,Stim8hr,Crohn's disease,program link refuted: knockdown valid but no significant Th1/Th2 shift,1,-23.4457,0.2517,3.2899,0.0114,7.6098
OAS3,Stim48hr,autoimmune disease,consistent with a validated gene -> program -> disease chain re-derived from the tables,1,-13.1904,0.0158,2.018,0.0124,7.599
TUFM,Stim8hr,inflammatory bowel disease,consistent with a validated gene -> program -> disease chain re-derived from the tables,1,-22.3668,0.0418,2.6869,0.0141,7.5541
ID2,Stim48hr,atopic eczema,consistent with a validated gene -> program -> disease chain re-derived from the tables,1,-3.0907,0.0138,3.4696,0.0356,7.5242
PCMTD1,Stim8hr,autoimmune disease,consistent with a validated gene -> program -> disease chain re-derived from the tables,1,-14.8317,0.0332,1.926,0.0255,7.522
TNIP2,Stim8hr,rheumatoid arthritis,program link refuted: knockdown valid but no significant Th1/Th2 shift,1,-16.6827,0.0518,3.0478,0.0018,7.5138
ZFAND3,Stim8hr,type 1 diabetes mellitus,program link refuted: knockdown valid but no significant Th1/Th2 shift,1,-18.3949,0.8528,4.0078,0.0052,7.5126
BATF3,Stim8hr,atopic eczema,program link refuted: knockdown valid but no significant Th1/Th2 shift,1,-14.4481,0.0892,3.8545,0.0123,7.4936
HIVEP3,Stim8hr,systemic lupus erythematosus,effect refuted: knockdown valid by gate but DE_stats shows no on-target effect,1,-0.5933,0.005,3.7403,0.0025,7.4638
SUCLG2,Stim48hr,autoimmune disease,"partial chain - effect:untested, program:supported, disease:supported",1,,0.0002238,2.3196,0.002,7.4562
RAD50,Stim48hr,atopic eczema,program link refuted: knockdown valid but no significant Th1/Th2 shift,1,-7.0898,0.1024,4.5639,0.0038,7.4528
FASLG,Stim8hr,inflammatory bowel disease,consistent with a validated gene -> program -> disease chain re-derived from the tables,1,-16.2923,0.0221,2.6869,0.0141,7.4481
APEH,Stim48hr,Crohn's disease,program link refuted: knockdown valid but no significant Th1/Th2 shift,1,-30.3333,0.1754,3.956,0.0006502,7.4158
FOSL1,Stim8hr,asthma,program link refuted: knockdown valid but no significant Th1/Th2 shift,1,-7.8531,0.2967,3.0645,0.0018,7.4054
CSK,Stim8hr,systemic lupus erythematosus,program link refuted: knockdown valid but no significant Th1/Th2 shift,1,-36.828,0.0546,3.7403,0.0025,7.3835
ALPK1,Stim8hr,autoimmune disease,program link refuted: knockdown valid but no significant Th1/Th2 shift,1,-2.023,0.4797,3.0405,5.05e-06,7.3813
JUND,Stim8hr,Crohn's disease,consistent with a validated gene -> program -> disease chain re-derived from the tables,1,-9.8271,0.04,2.9314,0.0255,7.354
AEBP2,Stim48hr,celiac disease,program link refuted: knockdown valid but no significant Th1/Th2 shift,1,-23.3113,0.8009,4.1274,0.0171,7.2671
AEBP2,Stim8hr,celiac disease,program link refuted: knockdown valid but no significant Th1/Th2 shift,1,-23.0996,0.8009,5.2346,0.0029,7.266
TUFM,Stim48hr,autoimmune disease,consistent with a validated gene -> program -> disease chain re-derived from the tables,1,-11.9473,0.0418,1.9239,0.0478,7.2072
NFKBIA,Stim48hr,rheumatoid arthritis,consistent with a validated gene -> program -> disease chain re-derived from the tables,1,-6.3447,0.0388,2.8071,0.0025,7.1865
RBM33,Stim48hr,autoimmune disease,consistent with a validated gene -> program -> disease chain re-derived from the tables,1,-11.3198,0.0242,1.6591,0.0462,7.1831
RIN3,Stim48hr,autoimmune disease,effect refuted: knockdown valid by gate but DE_stats shows no on-target effect,1,-1.4272,0.0014,1.9239,0.0239,7.1441
ANKRD10,Stim48hr,celiac disease,program link refuted: knockdown valid but no significant Th1/Th2 shift,1,-8.583,0.5294,4.1274,0.0171,7.1044
PRPF40A,Stim8hr,autoimmune disease,program link refuted: knockdown valid but no significant Th1/Th2 shift,1,-1.8363,0.7105,3.0405,5.05e-06,7.0767
TNFRSF14,Rest,Crohn's disease,program link refuted: knockdown valid but no significant Th1/Th2 shift,1,-15.5155,0.897,4.651,0.0001227,7.0761
PCMTD1,Stim48hr,autoimmune disease,consistent with a validated gene -> program -> disease chain re-derived from the tables,1,-16.7118,0.0332,1.6591,0.0462,7.0745
C8orf33,Stim8hr,inflammatory bowel disease,program link refuted: knockdown valid but no significant Th1/Th2 shift,1,-24.4985,0.0836,2.8934,0.0048,6.9684
MBNL1,Stim8hr,autoimmune disease,program link refuted: knockdown valid but no significant Th1/Th2 shift,1,-7.3474,0.7035,2.5487,0.0003376,6.9683
RASGRP1,Stim48hr,systemic lupus erythematosus,program link refuted: knockdown valid but no significant Th1/Th2 shift,1,-8.6453,0.0596,3.2626,0.0197,6.9575
RAD50,Stim8hr,atopic eczema,program link refuted: knockdown valid but no significant Th1/Th2 shift,1,-7.0157,0.1024,2.9819,0.0404,6.9474
FAS,Stim8hr,autoimmune disease,program link refuted: knockdown valid but no significant Th1/Th2 shift,1,-17.0953,0.1003,2.5487,0.0003376,6.8708
TNFRSF14,Stim8hr,asthma,program link refuted: knockdown valid but no significant Th1/Th2 shift,1,-17.4801,0.897,3.3018,0.0005511,6.8595
PDE7A,Stim8hr,rheumatoid arthritis,program link refuted: knockdown valid but no significant Th1/Th2 shift,1,-11.2715,0.3385,3.0478,0.0018,6.8515
UBAC2,Rest,Crohn's disease,program link refuted: knockdown valid but no significant Th1/Th2 shift,1,-7.224,0.1957,5.2985,0.0347,6.8435
ATP2A2,Stim48hr,Crohn's disease,program link refuted: knockdown valid but no significant Th1/Th2 shift,1,-10.1418,0.616,3.956,0.0006502,6.8185
AGO2,Stim8hr,autoimmune disease,effect refuted: knockdown valid by gate but DE_stats shows no on-target effect,1,-3.5816,0.0201,2.2219,0.0025,6.806
ORMDL3,Stim48hr,autoimmune disease,effect refuted: knockdown valid by gate but DE_stats shows no on-target effect,1,-2.2151,0.0035,1.9239,0.0478,6.7965
CLIC4,Stim48hr,asthma,program link refuted: knockdown valid but no significant Th1/Th2 shift,1,-15.5792,0.2335,2.3613,0.0265,6.792
ANK3,Stim8hr,inflammatory bowel disease,effect refuted: knockdown valid by gate but DE_stats shows no on-target effect,1,-1.7201,0.0077,2.8934,0.0031,6.7865
MAP3K14,Stim8hr,atopic eczema,program link refuted: knockdown valid but no significant Th1/Th2 shift,1,-7.7922,0.8668,4.8979,0.0005224,6.786
PLXNC1,Stim48hr,asthma,consistent with a validated gene -> program -> disease chain re-derived from the tables,1,-6.4732,0.0482,2.3613,0.0198,6.7744
FAS,Stim48hr,Crohn's disease,program link refuted: knockdown valid but no significant Th1/Th2 shift,1,-19.1098,0.1003,3.2947,0.0095,6.7671
COMMD9,Stim8hr,psoriasis,program link refuted: knockdown valid but no significant Th1/Th2 shift,1,-15.5844,0.797,3.1208,0.0167,6.7523
FAM98B,Stim48hr,systemic lupus erythematosus,program link refuted: knockdown valid but no significant Th1/Th2 shift,1,-13.8126,0.933,3.2626,0.0197,6.7
VSIR,Stim8hr,autoimmune disease,program link refuted: knockdown valid but no significant Th1/Th2 shift,1,-14.3829,0.0863,2.2219,0.0025,6.6899
RASGRP1,Stim8hr,autoimmune disease,program link refuted: knockdown valid but no significant Th1/Th2 shift,1,-7.3473,0.0596,2.5487,0.0003376,6.6735
SH2B3,Stim8hr,rheumatoid arthritis,program link refuted: knockdown valid but no significant Th1/Th2 shift,1,-8.5246,0.0638,3.0478,0.0018,6.6703
RPRD2,Stim48hr,atopic eczema,program link refuted: knockdown valid but no significant Th1/Th2 shift,1,-16.0374,0.9835,3.4696,0.0356,6.6186
SHC4,Stim48hr,type 1 diabetes mellitus,program link refuted: knockdown valid but no significant Th1/Th2 shift,1,-7.7046,0.4299,3.4347,0.0277,6.6163
IL3,Stim48hr,atopic eczema,"partial chain - effect:supported, program:untested, disease:supported",1,-4.3497,,4.5639,0.0038,6.6006
ZBTB21,Stim8hr,autoimmune disease,program link refuted: knockdown valid but no significant Th1/Th2 shift,1,-12.9382,0.0745,2.2219,0.005,6.5946
CHD3,Rest,autoimmune disease,program link refuted: knockdown valid but no significant Th1/Th2 shift,1,-13.7136,0.4449,2.0975,0.0068,6.5898
CD83,Stim8hr,rheumatoid arthritis,program link refuted: knockdown valid but no significant Th1/Th2 shift,1,-16.4227,0.3807,3.0478,0.0018,6.5609
SLC12A7,Stim48hr,autoimmune disease,program link refuted: knockdown valid but no significant Th1/Th2 shift,1,-8.9767,0.6813,2.3196,0.002,6.5394
COPRS,Stim8hr,type 1 diabetes mellitus,program link refuted: knockdown valid but no significant Th1/Th2 shift,1,-31.5161,0.5255,2.7316,0.0352,6.5271
USP12,Stim8hr,Crohn's disease,program link refuted: knockdown valid but no significant Th1/Th2 shift,1,-20.0557,0.784,2.9314,0.0255,6.5246
P4HA2,Stim48hr,autoimmune disease,program link refuted: knockdown valid but no significant Th1/Th2 shift,1,-11.4314,0.261,2.3196,0.002,6.517
CD6,Stim48hr,Crohn's disease,program link refuted: knockdown valid but no significant Th1/Th2 shift,1,-17.6541,0.6965,3.956,0.0006502,6.5095
BATF3,Stim48hr,autoimmune disease,program link refuted: knockdown valid but no significant Th1/Th2 shift,1,-11.5167,0.0892,2.3196,0.002,6.5085
STING1,Stim8hr,autoimmune disease,"partial chain - effect:supported, program:untested, disease:supported",1,-18.4715,,2.5487,0.0003376,6.4981
MICOS10,Stim8hr,autoimmune disease,"partial chain - effect:supported, program:untested, disease:supported",1,-14.2782,,2.5487,0.0003376,6.4981
ZC3H12D,Stim8hr,asthma,program link refuted: knockdown valid but no significant Th1/Th2 shift,1,-12.2563,0.8217,3.0645,0.0018,6.484
TSPAN18,Rest,inflammatory bowel disease,program link refuted: knockdown valid but no significant Th1/Th2 shift,1,-7.7421,0.3458,2.9079,0.0012,6.4742
TET2,Stim8hr,asthma,program link refuted: knockdown valid but no significant Th1/Th2 shift,1,-17.6071,0.3549,3.0645,0.0018,6.4531
PDE7A,Rest,rheumatoid arthritis,program link refuted: knockdown valid but no significant Th1/Th2 shift,1,-10.2332,0.3385,2.9229,0.0045,6.4516
SLC44A2,Stim48hr,autoimmune disease,program link refuted: knockdown valid but no significant Th1/Th2 shift,1,-20.1865,0.3791,2.3196,0.002,6.382
CALHM6,Stim48hr,autoimmune disease,"partial chain - effect:supported, program:untested, disease:supported",1,-10.6089,,2.2157,0.0025,6.3707
TET2,Stim48hr,multiple sclerosis,program link refuted: knockdown valid but no significant Th1/Th2 shift,1,-16.6787,0.3549,3.8202,0.0077,6.3656
PRDX6,Rest,systemic lupus erythematosus,program link refuted: knockdown valid but no significant Th1/Th2 shift,1,-16.7057,0.1424,2.5817,0.034,6.3411
PDIA3,Stim48hr,celiac disease,program link refuted: knockdown valid but no significant Th1/Th2 shift,1,-22.2943,0.5553,4.1274,0.0171,6.3241
ADAT2,Stim8hr,rheumatoid arthritis,program link refuted: knockdown valid but no significant Th1/Th2 shift,1,-14.0489,0.1607,2.6365,0.0057,6.3206
PSAT1,Stim48hr,inflammatory bowel disease,program link refuted: knockdown valid but no significant Th1/Th2 shift,1,-12.6867,0.354,2.9917,0.0008715,6.3106
IL22,Stim8hr,atopic eczema,program link refuted: knockdown valid but no significant Th1/Th2 shift,1,-4.9143,0.3421,3.4304,0.0224,6.3004
TNFSF14,Stim8hr,multiple sclerosis,program link refuted: knockdown valid but no significant Th1/Th2 shift,1,-21.8748,0.8354,2.8606,0.0438,6.2902
GNB2,Stim8hr,autoimmune disease,program link refuted: knockdown valid but no significant Th1/Th2 shift,1,-19.2322,0.3696,2.2219,0.0025,6.2675
TSPAN3,Stim48hr,autoimmune disease,program link refuted: knockdown valid but no significant Th1/Th2 shift,1,-11.3818,0.2522,2.3196,0.002,6.2456
PATJ,Stim8hr,ankylosing spondylitis,program link refuted: knockdown valid but no significant Th1/Th2 shift,1,-5.2812,0.2296,3.6295,0.0066,6.2406
SAT1,Stim48hr,autoimmune disease,program link refuted: knockdown valid but no significant Th1/Th2 shift,1,-13.8449,0.4059,2.2157,0.0025,6.2161
RNF145,Rest,inflammatory bowel disease,program link refuted: knockdown valid but no significant Th1/Th2 shift,1,-14.5353,0.8773,2.9079,0.0012,6.1844
PSAT1,Stim8hr,autoimmune disease,program link refuted: knockdown valid but no significant Th1/Th2 shift,1,-10.4731,0.354,1.9783,0.0184,6.1657
CYRIB,Stim48hr,rheumatoid arthritis,"partial chain - effect:supported, program:untested, disease:supported",1,-15.4749,,2.8071,0.0025,6.1583
ITM2A,Rest,autoimmune disease,program link refuted: knockdown valid but no significant Th1/Th2 shift,1,-21.0198,0.9813,2.0975,0.0068,6.1432
REL,Stim8hr,autoimmune disease,program link refuted: knockdown valid but no significant Th1/Th2 shift,1,-11.3275,0.37,2.5487,0.0003376,6.1356
SMURF1,Stim48hr,ankylosing spondylitis,program link refuted: knockdown valid but no significant Th1/Th2 shift,1,-8.5512,0.4571,3.3994,0.0115,6.1313
ARHGAP45,Stim8hr,inflammatory bowel disease,program link refuted: knockdown valid but no significant Th1/Th2 shift,1,-7.6863,0.6285,2.6869,0.0141,6.1292
ERN1,Stim8hr,ankylosing spondylitis,program link refuted: knockdown valid but no significant Th1/Th2 shift,1,-9.1144,0.8619,3.6295,0.0066,6.1278
USP12,Stim48hr,ulcerative colitis,program link refuted: knockdown valid but no significant Th1/Th2 shift,1,-17.5907,0.784,3.2147,0.0117,6.1194
CD69,Stim48hr,autoimmune disease,program link refuted: knockdown valid but no significant Th1/Th2 shift,1,-13.1097,0.1006,1.9239,0.0239,6.1148
CCR6,Stim48hr,inflammatory bowel disease,consistent with a validated gene -> program -> disease chain re-derived from the tables (with caveats),1,-0.5584,0.0036,2.2364,0.0496,6.111
CD69,Stim8hr,autoimmune disease,program link refuted: knockdown valid but no significant Th1/Th2 shift,1,-14.8324,0.1006,2.2219,0.005,6.0846
ATP5MG,Rest,rheumatoid arthritis,"partial chain - effect:supported, program:untested, disease:supported",1,-32.9465,,2.9229,0.0045,6.0786
CTSH,Stim48hr,autoimmune disease,program link refuted: knockdown valid but no significant Th1/Th2 shift,1,-8.0648,0.1998,1.9239,0.0239,6.0562
KIF2A,Stim48hr,autoimmune disease,program link refuted: knockdown valid but no significant Th1/Th2 shift,1,-32.113,0.1854,2.018,0.0124,6.0525
SAT1,Stim8hr,autoimmune disease,program link refuted: knockdown valid but no significant Th1/Th2 shift,1,-10.1296,0.4059,1.9783,0.0184,6.049
KAT6A,Stim48hr,asthma,program link refuted: knockdown valid but no significant Th1/Th2 shift,1,-20.5923,0.7947,2.3613,0.0318,6.049
ARPC2,Stim8hr,inflammatory bowel disease,program link refuted: knockdown valid but no significant Th1/Th2 shift,1,-18.0333,0.5745,2.8934,0.0048,6.0476
CTSH,Rest,autoimmune disease,program link refuted: knockdown valid but no significant Th1/Th2 shift,1,-9.6691,0.1998,2.0975,0.0068,6.002
ACAP1,Stim8hr,systemic lupus erythematosus,program link refuted: knockdown valid but no significant Th1/Th2 shift,1,-15.3569,0.8212,2.3947,0.0389,6.0
CA11,Stim8hr,ankylosing spondylitis,program link refuted: knockdown valid but no significant Th1/Th2 shift,1,-3.6465,0.0682,3.6295,0.0066,5.9915
OAS1,Stim8hr,systemic lupus erythematosus,program link refuted: knockdown valid but no significant Th1/Th2 shift,1,-7.0361,0.2791,2.3947,0.0389,5.984
IL22,Stim48hr,atopic eczema,program link refuted: knockdown valid but no significant Th1/Th2 shift,1,-3.1005,0.3421,3.4696,0.0142,5.9743
WARS1,Stim48hr,asthma,"partial chain - effect:flagged, program:untested, disease:supported",1,-15.2552,,2.3613,0.0265,5.9708
AFF1,Stim8hr,atopic eczema,program link refuted: knockdown valid but no significant Th1/Th2 shift,1,-1.2749,0.3667,4.8979,0.0005224,5.9694
RMC1,Stim8hr,asthma,"partial chain - effect:supported, program:untested, disease:supported",1,-27.8197,,2.3974,0.0296,5.968
ETS1,Stim8hr,systemic lupus erythematosus,effect refuted: knockdown valid by gate but DE_stats shows no on-target effect,1,-0.9293,0.0377,3.7403,0.0025,5.9456
ZNF704,Stim8hr,rheumatoid arthritis,program link refuted: knockdown valid but no significant Th1/Th2 shift,1,-8.1825,0.3885,2.2506,0.0288,5.9391
RASSF3,Stim8hr,autoimmune disease,program link refuted: knockdown valid but no significant Th1/Th2 shift,1,-5.7741,0.449,2.2219,0.005,5.9321
HNRNPAB,Stim8hr,inflammatory bowel disease,program link refuted: knockdown valid but no significant Th1/Th2 shift,1,-40.0042,0.3352,2.6869,0.0141,5.9301
AGPAT4,Stim48hr,autoimmune disease,program link refuted: knockdown valid but no significant Th1/Th2 shift,1,-6.2825,0.1902,2.2157,0.0025,5.9283
RYBP,Stim8hr,asthma,program link refuted: knockdown valid but no significant Th1/Th2 shift,1,-4.4107,0.1518,3.0645,0.0018,5.9073
DDX6,Stim48hr,rheumatoid arthritis,program link refuted: knockdown valid but no significant Th1/Th2 shift,1,-15.7647,0.6196,2.8071,0.0025,5.8967
UBL3,Stim8hr,inflammatory bowel disease,program link refuted: knockdown valid but no significant Th1/Th2 shift,1,-12.4264,0.7917,2.8934,0.0048,5.8944
STING1,Stim48hr,autoimmune disease,"partial chain - effect:supported, program:untested, disease:supported",1,-26.963,,2.018,0.0124,5.8905
PLK2,Stim48hr,atopic eczema,program link refuted: knockdown valid but no significant Th1/Th2 shift,1,-3.1436,0.2572,3.4696,0.0356,5.8894
ATP2A2,Stim8hr,inflammatory bowel disease,program link refuted: knockdown valid but no significant Th1/Th2 shift,1,-15.6456,0.616,2.8934,0.0048,5.8776
NPEPPS,Stim8hr,autoimmune disease,program link refuted: knockdown valid but no significant Th1/Th2 shift,1,-9.7547,0.6452,2.5487,0.0003376,5.8631
OAS1,Stim48hr,autoimmune disease,program link refuted: knockdown valid but no significant Th1/Th2 shift,1,-11.9254,0.2791,2.018,0.0124,5.8416
SP140L,Stim8hr,inflammatory bowel disease,program link refuted: knockdown valid but no significant Th1/Th2 shift,1,-17.0174,0.4277,2.8934,0.0048,5.8369
RASSF3,Rest,autoimmune disease,program link refuted: knockdown valid but no significant Th1/Th2 shift,1,-6.1811,0.449,2.0975,0.0068,5.8131
TMEM131L,Stim8hr,autoimmune disease,program link refuted: knockdown valid but no significant Th1/Th2 shift,1,-8.2116,0.3042,2.2219,0.005,5.7956
TPGS2,Stim8hr,inflammatory bowel disease,program link refuted: knockdown valid but no significant Th1/Th2 shift,1,-18.0111,0.9463,2.2933,0.0496,5.7702
PFKFB3,Stim48hr,asthma,program link refuted: knockdown valid but no significant Th1/Th2 shift,1,-5.8771,0.0919,2.3613,0.0265,5.7418
CD6,Rest,rheumatoid arthritis,program link refuted: knockdown valid but no significant Th1/Th2 shift,1,-23.2661,0.6965,2.9229,0.0045,5.715
METAP2,Stim48hr,autoimmune disease,program link refuted: knockdown valid but no significant Th1/Th2 shift,1,-11.218,0.521,1.9239,0.0478,5.7075
ABTB3,Stim8hr,ankylosing spondylitis,"partial chain - effect:supported, program:untested, disease:supported",1,-9.4858,,3.6295,0.0066,5.6975
CCDC6,Stim48hr,autoimmune disease,program link refuted: knockdown valid but no significant Th1/Th2 shift,1,-9.3688,0.9094,2.3196,0.002,5.6849
ETS1,Rest,rheumatoid arthritis,effect refuted: knockdown valid by gate but DE_stats shows no on-target effect,1,-1.2833,0.0377,2.9229,0.0045,5.6801
UBLCP1,Stim8hr,autoimmune disease,program link refuted: knockdown valid but no significant Th1/Th2 shift,1,-24.7054,0.8835,1.926,0.0255,5.6694
IDUA,Rest,systemic lupus erythematosus,program link refuted: knockdown valid but no significant Th1/Th2 shift,1,-3.6326,0.0509,2.5817,0.034,5.6683
PTPRK,Stim48hr,ulcerative colitis,program link refuted: knockdown valid but no significant Th1/Th2 shift,1,-3.6134,0.1819,3.2147,0.0117,5.6577
SOCS3,Stim48hr,ankylosing spondylitis,program link refuted: knockdown valid but no significant Th1/Th2 shift,1,-5.6898,0.1812,3.3994,0.0115,5.579
MFSD6,Stim8hr,autoimmune disease,program link refuted: knockdown valid but no significant Th1/Th2 shift,1,-8.8297,0.1502,1.926,0.0255,5.5787
MGAT5,Stim48hr,autoimmune disease,program link refuted: knockdown valid but no significant Th1/Th2 shift,1,-12.8004,0.8727,2.3196,0.002,5.5765
MBNL1,Stim48hr,autoimmune disease,program link refuted: knockdown valid but no significant Th1/Th2 shift,1,-4.0724,0.7035,2.2157,0.0025,5.4929
SOCS3,Stim8hr,asthma,program link refuted: knockdown valid but no significant Th1/Th2 shift,1,-6.4408,0.1812,2.5496,0.0184,5.4634
CD200,Stim8hr,autoimmune disease,program link refuted: knockdown valid but no significant Th1/Th2 shift,1,-12.5155,0.745,2.2219,0.0025,5.4544
NR4A3,Stim8hr,inflammatory bowel disease,program link refuted: knockdown valid but no significant Th1/Th2 shift,1,-6.2401,0.501,2.8934,0.0031,5.4469
HIVEP2,Stim8hr,autoimmune disease,program link refuted: knockdown valid but no significant Th1/Th2 shift,1,-4.2426,0.1416,1.8335,0.0253,5.4324
RNF145,Stim8hr,autoimmune disease,program link refuted: knockdown valid but no significant Th1/Th2 shift,1,-15.5793,0.8773,2.2219,0.005,5.4165
CDC42SE2,Stim8hr,inflammatory bowel disease,program link refuted: knockdown valid but no significant Th1/Th2 shift,1,-9.8439,0.6756,2.6869,0.0141,5.3958
ARHGAP15,Stim8hr,autoimmune disease,program link refuted: knockdown valid but no significant Th1/Th2 shift,1,-22.2256,0.2187,1.8335,0.0253,5.388
RAPGEF6,Rest,Crohn's disease,program link refuted: knockdown valid but no significant Th1/Th2 shift,1,-3.6031,0.9724,5.2985,0.0347,5.3754
RYBP,Stim48hr,inflammatory bowel disease,program link refuted: knockdown valid but no significant Th1/Th2 shift,1,-2.4543,0.1518,2.9917,0.0008715,5.2984
ACTA2,Stim48hr,Crohn's disease,program link refuted: knockdown valid but no significant Th1/Th2 shift,1,-3.1883,0.243,3.2947,0.0095,5.2558
ZC3H12C,Stim48hr,autoimmune disease,program link refuted: knockdown valid but no significant Th1/Th2 shift,1,-6.9217,0.4348,2.3196,0.002,5.2444
PXYLP1,Stim48hr,autoimmune disease,program link refuted: knockdown valid but no significant Th1/Th2 shift,1,-8.1099,0.8587,1.9239,0.0239,5.2395
FOXO1,Stim8hr,rheumatoid arthritis,program link refuted: knockdown valid but no significant Th1/Th2 shift,1,-5.4785,0.6056,3.0478,0.0018,5.2046
MX1,Stim48hr,autoimmune disease,program link refuted: knockdown valid but no significant Th1/Th2 shift,1,-10.9148,0.8736,2.018,0.0124,5.1781
HBS1L,Stim48hr,ankylosing spondylitis,"partial chain - effect:untested, program:supported, disease:supported",1,,0.0404,3.3994,0.0115,5.1607
CEMIP2,Stim48hr,rheumatoid arthritis,"partial chain - effect:supported, program:untested, disease:supported",1,-14.6307,,2.2471,0.0318,5.1541
CDC37,Stim8hr,autoimmune disease,effect refuted: knockdown valid by gate but DE_stats shows no on-target effect,1,0.3575,0.0171,1.9783,0.0184,5.1019
IL23R,Stim48hr,ulcerative colitis,program link refuted: knockdown valid but no significant Th1/Th2 shift,1,-2.2562,0.2533,3.2147,0.0117,5.0916
HDAC7,Stim48hr,autoimmune disease,program link refuted: knockdown valid but no significant Th1/Th2 shift,1,-5.6178,0.5379,1.9239,0.0239,5.0881
ACTR2,Stim8hr,autoimmune disease,program link refuted: knockdown valid but no significant Th1/Th2 shift,1,-18.8942,0.7338,1.8335,0.0253,5.0283
DOCK9,Stim48hr,autoimmune disease,effect refuted: knockdown valid by gate but DE_stats shows no on-target effect,1,-0.8152,0.0307,1.9239,0.0239,5.0231
PRR5L,Stim8hr,atopic eczema,program link refuted: knockdown valid but no significant Th1/Th2 shift,1,-3.1799,0.9309,3.8545,0.0123,5.0174
DARS1,Stim48hr,asthma,"partial chain - effect:supported, program:untested, disease:supported",1,-4.5014,,2.3613,0.0198,4.9351
ACTA2,Rest,ulcerative colitis,program link refuted: knockdown valid but no significant Th1/Th2 shift,1,-1.3162,0.243,4.1537,0.0303,4.9082
MUC1,Stim8hr,autoimmune disease,program link refuted: knockdown valid but no significant Th1/Th2 shift,1,-5.9081,0.9351,2.2219,0.005,4.9038
CDC42SE2,Stim48hr,autoimmune disease,program link refuted: knockdown valid but no significant Th1/Th2 shift,1,-5.0896,0.6756,1.9239,0.0478,4.6556
ANXA3,Stim48hr,autoimmune disease,effect refuted: knockdown valid by gate but DE_stats shows no on-target effect,1,-3.4188,,2.3196,0.002,4.4542
PRR5L,Rest,autoimmune disease,program link refuted: knockdown valid but no significant Th1/Th2 shift,1,-5.041,0.9309,2.0975,0.0068,4.3803
DARS1,Rest,autoimmune disease,effect refuted: knockdown valid by gate but DE_stats shows no on-target effect,1,-2.2227,,2.0975,0.0068,4.3194
HCFC1,Stim8hr,autoimmune disease,program link refuted: knockdown valid but no significant Th1/Th2 shift,1,-3.2909,0.9858,2.2219,0.0025,4.2092
KMT2A,Stim8hr,autoimmune disease,program link refuted: knockdown valid but no significant Th1/Th2 shift,1,-4.1906,0.6993,1.9783,0.0184,4.2021
SHISA2,Stim48hr,autoimmune disease,program link refuted: knockdown valid but no significant Th1/Th2 shift,1,-2.6028,0.7571,1.9239,0.0239,4.1046
ACTB,Stim8hr,Crohn's disease,program link refuted: knockdown valid but no significant Th1/Th2 shift,1,0.0,0.3281,3.6625,0.0031,3.7917
UST,Stim48hr,ulcerative colitis,program link refuted: knockdown valid but no significant Th1/Th2 shift,1,0.0,0.8127,3.2147,0.0117,3.1518
MEAK7,Stim48hr,autoimmune disease,effect refuted: knockdown valid by gate but DE_stats shows no on-target effect,1,-0.159,,2.3196,0.002,3.1176
TMSB4X,Stim8hr,autoimmune disease,program link refuted: knockdown valid but no significant Th1/Th2 shift,1,0.0,0.5896,2.0214,0.0062,2.7009
